Churn_ID,Customer_ID,Churn_Status,Churn_Reason,Satisfaction_Score,Num_Of_Complaints,Last_Interaction_Date,Churn_Date,Retention_Offer_Made,Retention_Offer_Acceptede
1,1,No,No Reason Given,3,0,23/01/2023,22/04/2023,No,No
2,2,No,High Fees,10,1,13/06/2023,30/04/2024,Yes,No
3,3,Yes,Financial Difficulty,5,8,28/06/2024,21/09/2023,No,Yes
4,4,No,No Reason Given,10,2,23/03/2024,14/12/2024,No,Yes
5,5,No,No Reason Given,3,5,01/11/2022,28/03/2022,Yes,Yes
6,6,Yes,Financial Difficulty,3,2,07/03/2023,12/04/2023,No,Yes
7,7,No,Poor Service,7,10,28/06/2024,19/06/2023,Yes,Yes
8,8,Yes,Poor Service,10,2,18/07/2023,10/11/2024,No,Yes
9,9,Yes,Better Competitor,6,1,16/12/2024,22/10/2024,No,No
10,10,Yes,Financial Difficulty,1,5,27/03/2023,16/11/2024,Yes,Yes
11,11,Yes,Poor Service,10,0,17/09/2022,14/06/2024,No,Yes
12,12,Yes,Relocation,10,7,25/10/2023,28/08/2022,Yes,No
13,13,No,Relocation,1,7,18/09/2024,26/01/2022,Yes,No
14,14,No,High Fees,5,1,08/03/2022,07/11/2022,Yes,Yes
15,15,Yes,,,10,29/09/2022,08/09/2024,No,Yes
16,16,No,,,8,25/03/2022,13/10/2023,Yes,Yes
17,17,Yes,,,9,15/10/2024,10/08/2024,Yes,No
18,18,Yes,,,10,23/02/2024,16/08/2024,Yes,Yes
19,19,Yes,Better Competitor,2,0,28/09/2024,22/10/2023,Yes,No
20,20,No,Better Competitor,3,0,20/01/2022,05/02/2024,No,Yes
21,21,Yes,Relocation,4,4,23/08/2022,29/10/2024,Yes,Yes
22,22,Yes,No Reason Given,7,6,07/05/2023,17/11/2022,No,Yes
23,23,No,Financial Difficulty,5,9,15/04/2023,09/07/2022,No,No
24,24,Yes,Better Competitor,5,7,07/03/2022,19/01/2024,Yes,Yes
25,25,Yes,High Fees,2,1,07/11/2022,29/09/2023,Yes,No
26,26,Yes,Financial Difficulty,2,7,07/01/2022,16/10/2022,No,Yes
27,27,Yes,Relocation,9,6,07/08/2023,15/02/2023,No,Yes
28,28,Yes,Relocation,10,5,28/06/2022,07/10/2024,No,No
29,29,Yes,No Reason Given,3,3,18/04/2022,03/04/2022,No,No
30,30,No,Poor Service,8,1,13/08/2022,30/11/2023,Yes,Yes
31,31,No,Relocation,3,6,26/04/2024,01/01/2024,Yes,No
32,32,No,Financial Difficulty,3,10,09/04/2024,18/01/2023,Yes,No
33,33,Yes,Better Competitor,6,8,14/03/2022,02/03/2024,Yes,No
34,34,No,Better Competitor,9,7,19/10/2023,26/05/2022,Yes,No
35,35,No,Relocation,5,9,10/12/2022,06/04/2022,Yes,No
36,36,No,Financial Difficulty,2,10,28/07/2024,26/08/2023,No,Yes
37,37,Yes,Better Competitor,10,7,17/05/2023,06/04/2023,Yes,Yes
38,38,Yes,Relocation,8,9,30/09/2024,20/05/2022,Yes,Yes
39,39,Yes,High Fees,2,0,25/11/2022,28/01/2023,No,Yes
40,40,No,Financial Difficulty,8,0,14/10/2023,26/08/2023,Yes,No
41,41,No,No Reason Given,5,1,29/01/2024,09/11/2024,No,No
42,42,No,High Fees,7,10,17/03/2023,22/01/2023,Yes,No
43,43,Yes,Relocation,1,0,11/05/2023,26/12/2024,No,Yes
44,44,No,Poor Service,1,1,29/04/2022,06/09/2023,No,No
45,45,No,No Reason Given,5,0,01/11/2023,27/04/2024,Yes,Yes
46,46,Yes,Better Competitor,4,7,27/06/2022,17/02/2023,Yes,Yes
47,47,No,Poor Service,10,3,20/02/2023,16/12/2022,No,No
48,48,Yes,No Reason Given,5,2,23/05/2024,21/10/2023,Yes,No
49,49,No,Poor Service,4,6,22/03/2023,07/03/2023,Yes,No
50,50,No,Relocation,4,0,27/12/2022,21/09/2023,No,No
51,51,No,Poor Service,3,2,09/08/2024,08/05/2024,No,No
52,52,Yes,Poor Service,8,9,25/11/2022,14/01/2022,Yes,Yes
53,53,No,Relocation,3,0,04/09/2022,19/03/2022,Yes,Yes
54,54,No,Poor Service,7,2,24/05/2024,17/04/2024,No,Yes
55,55,No,Better Competitor,6,2,25/05/2023,24/09/2022,No,Yes
56,56,Yes,High Fees,4,7,21/12/2022,09/01/2023,No,Yes
57,57,No,High Fees,3,8,28/09/2023,09/04/2022,Yes,Yes
58,58,No,Poor Service,2,2,13/04/2022,14/03/2023,No,Yes
59,59,No,High Fees,5,7,15/07/2023,03/01/2024,No,No
60,60,Yes,Better Competitor,1,8,16/08/2022,08/01/2024,Yes,No
61,61,Yes,High Fees,6,2,25/08/2023,13/06/2022,Yes,Yes
62,62,No,Financial Difficulty,1,8,06/02/2023,08/12/2023,Yes,Yes
63,63,No,Better Competitor,10,5,11/01/2023,06/09/2023,No,Yes
64,64,Yes,Financial Difficulty,5,3,06/03/2023,26/09/2024,Yes,No
65,65,Yes,Financial Difficulty,1,4,13/04/2022,19/11/2024,No,Yes
66,66,Yes,High Fees,5,2,25/09/2022,09/07/2024,No,Yes
67,67,No,Poor Service,1,7,11/04/2024,07/01/2023,Yes,No
68,68,Yes,No Reason Given,2,2,09/11/2023,06/01/2024,No,No
69,69,No,Poor Service,8,4,28/02/2022,24/12/2024,No,No
70,70,No,Financial Difficulty,3,9,24/03/2023,04/10/2024,Yes,No
71,71,Yes,High Fees,9,4,10/01/2022,02/10/2024,Yes,Yes
72,72,Yes,Relocation,2,6,26/02/2024,05/03/2023,No,Yes
73,73,Yes,Poor Service,2,4,28/01/2022,07/10/2022,No,Yes
74,74,No,High Fees,4,7,08/09/2024,02/04/2022,No,Yes
75,75,Yes,Poor Service,4,10,20/05/2024,16/05/2023,No,Yes
76,76,Yes,High Fees,1,9,01/07/2023,09/06/2022,Yes,No
77,77,Yes,High Fees,9,10,20/07/2022,15/07/2022,Yes,No
78,78,Yes,Relocation,2,7,03/08/2022,09/05/2022,No,Yes
79,79,Yes,High Fees,3,3,02/12/2023,06/11/2023,Yes,Yes
80,80,Yes,Better Competitor,3,10,29/04/2024,04/01/2022,No,Yes
81,81,Yes,High Fees,1,7,08/03/2022,26/03/2023,No,No
82,82,Yes,Poor Service,9,8,01/01/2024,24/04/2022,Yes,No
83,83,Yes,High Fees,3,2,14/07/2023,29/05/2024,No,No
84,84,No,No Reason Given,4,3,10/03/2022,18/06/2023,Yes,Yes
85,85,No,No Reason Given,3,0,16/11/2022,31/03/2024,No,No
86,86,No,Relocation,10,5,30/06/2023,19/08/2023,No,No
87,87,Yes,Financial Difficulty,1,2,18/08/2022,06/12/2023,No,Yes
88,88,No,Relocation,10,10,23/09/2023,02/02/2024,No,No
89,89,No,Financial Difficulty,5,9,10/10/2023,05/10/2024,No,Yes
90,90,Yes,Poor Service,5,7,27/10/2022,17/02/2024,Yes,Yes
91,91,Yes,Financial Difficulty,3,8,28/04/2024,17/08/2022,Yes,Yes
92,92,No,High Fees,10,7,09/11/2024,11/08/2023,Yes,No
93,93,Yes,Relocation,9,10,19/10/2024,30/07/2023,No,No
94,94,No,Relocation,8,6,25/03/2022,09/09/2023,No,No
95,95,No,Poor Service,4,2,16/08/2022,09/03/2023,Yes,No
96,96,Yes,Poor Service,6,8,07/12/2023,14/09/2023,No,No
97,97,Yes,Financial Difficulty,1,2,18/04/2024,12/03/2023,No,No
98,98,No,Better Competitor,2,2,15/09/2024,31/01/2024,No,Yes
99,99,No,High Fees,6,6,09/11/2023,04/11/2022,Yes,No
100,100,Yes,Financial Difficulty,8,10,04/06/2023,18/09/2024,No,No
101,101,No,Poor Service,9,7,10/06/2022,26/12/2022,Yes,Yes
102,102,Yes,No Reason Given,6,6,22/12/2022,13/06/2022,No,Yes
103,103,Yes,Financial Difficulty,9,0,21/01/2024,05/03/2023,No,Yes
104,104,Yes,No Reason Given,7,2,01/05/2022,01/06/2024,No,No
105,105,No,High Fees,2,3,26/02/2023,17/07/2023,No,No
106,106,No,Relocation,1,10,26/08/2023,27/04/2023,No,Yes
107,107,Yes,Poor Service,3,5,23/07/2023,14/02/2023,Yes,No
108,108,Yes,Relocation,2,10,17/06/2023,07/11/2024,Yes,Yes
109,109,Yes,Financial Difficulty,3,10,05/01/2024,22/09/2024,No,No
110,110,No,Better Competitor,10,2,07/04/2024,24/03/2022,No,Yes
111,111,Yes,Relocation,2,5,27/01/2024,26/11/2022,No,Yes
112,112,No,No Reason Given,1,1,18/10/2023,20/07/2024,No,Yes
113,113,No,Relocation,6,6,31/08/2024,09/03/2024,Yes,Yes
114,114,No,Poor Service,9,4,09/08/2023,16/04/2024,No,Yes
115,115,Yes,Financial Difficulty,3,9,30/07/2023,01/11/2022,No,Yes
116,116,No,Poor Service,5,10,19/07/2022,11/12/2022,No,Yes
117,117,Yes,Relocation,2,5,07/12/2023,02/11/2023,Yes,No
118,118,No,Financial Difficulty,9,10,24/11/2023,29/10/2022,Yes,No
119,119,No,Poor Service,5,3,17/05/2022,16/10/2023,Yes,No
120,120,No,Better Competitor,5,1,09/06/2022,06/02/2024,Yes,Yes
121,121,Yes,No Reason Given,1,2,14/12/2022,25/06/2024,Yes,Yes
122,122,No,High Fees,2,10,16/03/2022,28/02/2022,No,No
123,123,No,Financial Difficulty,8,7,14/08/2023,15/05/2022,No,No
124,124,No,Relocation,7,10,03/06/2022,28/03/2023,No,No
125,125,Yes,High Fees,7,3,04/05/2022,09/12/2023,No,Yes
126,126,Yes,No Reason Given,3,8,06/12/2023,03/12/2022,No,No
127,127,No,Poor Service,4,5,25/07/2022,02/12/2024,No,No
128,128,No,Relocation,1,0,02/09/2023,01/04/2022,Yes,No
129,129,No,Poor Service,7,4,16/03/2023,29/07/2022,No,No
130,130,No,Poor Service,6,8,22/12/2022,03/07/2022,No,No
131,131,No,High Fees,6,0,01/02/2024,26/04/2024,No,Yes
132,132,Yes,Better Competitor,4,8,22/08/2023,13/08/2022,No,No
133,133,No,Better Competitor,4,8,01/09/2022,11/02/2023,No,Yes
134,134,No,Poor Service,10,8,29/10/2022,15/12/2024,Yes,No
135,135,Yes,No Reason Given,4,8,14/06/2022,14/04/2024,Yes,No
136,136,No,High Fees,8,8,06/04/2024,23/10/2022,Yes,Yes
137,137,No,No Reason Given,8,1,20/06/2023,16/04/2024,No,No
138,138,No,Poor Service,7,7,08/01/2024,31/07/2023,No,No
139,139,Yes,High Fees,6,10,02/05/2022,28/11/2023,No,Yes
140,140,No,Financial Difficulty,1,9,29/04/2022,06/01/2023,No,No
141,141,Yes,No Reason Given,9,7,18/10/2022,20/10/2024,No,No
142,142,Yes,Poor Service,10,0,14/04/2022,20/06/2022,No,No
143,143,No,High Fees,5,1,26/08/2024,02/06/2023,Yes,No
144,144,Yes,Better Competitor,9,3,07/06/2023,19/11/2023,Yes,Yes
145,145,No,Relocation,9,8,28/12/2022,20/09/2023,Yes,No
146,146,No,Better Competitor,7,8,17/02/2023,21/02/2022,No,No
147,147,Yes,Poor Service,1,8,09/05/2024,18/03/2022,Yes,Yes
148,148,No,No Reason Given,7,8,18/08/2022,16/10/2024,Yes,Yes
149,149,Yes,Poor Service,5,3,04/02/2024,04/05/2024,Yes,Yes
150,150,No,Financial Difficulty,4,7,28/09/2024,05/09/2022,No,No
151,151,No,No Reason Given,9,7,16/12/2024,05/12/2022,No,Yes
152,152,Yes,Financial Difficulty,4,1,08/12/2023,07/11/2022,Yes,No
153,153,Yes,Better Competitor,,9,13/03/2022,07/08/2023,Yes,Yes
154,154,No,No Reason Given,,7,13/11/2023,09/04/2022,Yes,Yes
155,155,Yes,No Reason Given,,9,23/04/2022,31/05/2023,Yes,Yes
156,156,Yes,Better Competitor,,2,19/03/2022,08/07/2024,Yes,No
157,157,No,High Fees,9,8,19/06/2024,18/12/2022,No,Yes
158,158,Yes,No Reason Given,10,8,16/03/2024,29/07/2024,Yes,No
159,159,No,No Reason Given,3,4,19/12/2024,14/10/2022,No,No
160,160,No,Better Competitor,5,1,19/04/2024,01/08/2023,Yes,No
161,161,Yes,Better Competitor,8,2,07/09/2023,06/01/2022,No,Yes
162,162,No,Financial Difficulty,2,10,22/07/2024,23/12/2023,No,Yes
163,163,Yes,Poor Service,3,8,16/12/2024,07/12/2024,Yes,No
164,164,Yes,Relocation,10,9,28/03/2024,30/04/2024,No,Yes
165,165,No,Poor Service,6,9,17/06/2022,09/09/2023,No,No
166,166,Yes,Relocation,9,3,26/02/2022,09/08/2024,Yes,No
167,167,No,Poor Service,5,9,05/08/2023,01/10/2024,Yes,No
168,168,Yes,Financial Difficulty,4,7,27/03/2022,11/09/2024,Yes,Yes
169,169,Yes,Better Competitor,4,1,10/12/2023,03/09/2023,Yes,No
170,170,Yes,High Fees,3,0,25/04/2023,29/01/2024,Yes,No
171,171,No,Better Competitor,4,1,21/12/2022,27/03/2023,No,Yes
172,172,Yes,Better Competitor,10,10,28/06/2022,25/10/2022,No,No
173,173,Yes,High Fees,1,5,02/10/2022,26/10/2023,No,No
174,174,No,High Fees,6,0,30/07/2023,04/07/2023,No,Yes
175,175,No,No Reason Given,9,0,19/11/2024,27/08/2022,Yes,Yes
176,176,Yes,Better Competitor,10,5,13/11/2023,17/12/2022,No,Yes
177,177,No,No Reason Given,4,4,04/08/2024,19/05/2022,Yes,Yes
178,178,Yes,High Fees,7,9,22/01/2024,28/05/2022,Yes,No
179,179,Yes,High Fees,2,3,12/06/2023,04/12/2024,No,No
180,180,Yes,Poor Service,2,8,05/11/2024,27/08/2023,No,No
181,181,No,Financial Difficulty,5,2,02/04/2022,10/11/2023,Yes,Yes
182,182,No,High Fees,4,9,30/08/2024,12/09/2023,Yes,Yes
183,183,Yes,No Reason Given,10,2,21/12/2024,10/07/2024,No,No
184,184,No,Relocation,9,7,03/10/2024,09/12/2024,Yes,Yes
185,185,Yes,Financial Difficulty,4,1,28/03/2024,01/09/2024,Yes,Yes
186,186,Yes,Relocation,9,9,15/10/2024,15/11/2023,No,Yes
187,187,Yes,Better Competitor,3,9,06/02/2024,14/03/2023,Yes,No
188,188,Yes,Better Competitor,5,1,08/03/2024,26/07/2023,Yes,No
189,189,Yes,Relocation,8,6,30/08/2023,07/05/2023,No,No
190,190,No,Poor Service,10,8,09/03/2022,23/12/2023,Yes,Yes
191,191,No,High Fees,6,4,31/05/2022,29/11/2023,Yes,Yes
192,192,Yes,Financial Difficulty,3,10,07/03/2022,27/07/2023,No,Yes
193,193,Yes,Relocation,1,3,21/05/2023,21/10/2023,Yes,Yes
194,194,No,,5,6,14/08/2023,20/01/2022,Yes,Yes
195,195,No,,7,3,21/12/2023,06/12/2023,Yes,Yes
196,196,No,,1,4,23/09/2024,15/01/2024,No,Yes
197,197,No,Poor Service,8,8,13/10/2022,19/10/2024,No,No
198,198,Yes,No Reason Given,7,7,12/05/2024,03/11/2023,Yes,Yes
199,199,No,High Fees,2,2,29/03/2022,06/07/2024,No,No
200,200,Yes,High Fees,2,4,25/05/2022,15/10/2023,Yes,No
201,201,No,High Fees,4,4,22/01/2023,06/06/2022,No,No
202,202,No,Better Competitor,2,5,30/08/2022,14/12/2022,No,No
203,203,No,No Reason Given,7,9,08/01/2022,08/06/2023,Yes,No
204,204,Yes,No Reason Given,7,10,11/06/2024,26/02/2022,No,No
205,205,No,Poor Service,1,10,15/03/2024,29/05/2022,Yes,No
206,206,Yes,Poor Service,8,7,03/02/2024,30/05/2022,No,No
207,207,Yes,No Reason Given,7,0,11/02/2023,20/07/2024,No,No
208,208,No,Better Competitor,6,9,31/08/2022,19/07/2023,No,No
209,209,No,Poor Service,1,8,05/02/2023,26/05/2022,Yes,No
210,210,No,Relocation,8,3,14/06/2023,09/04/2024,No,Yes
211,211,Yes,High Fees,7,0,24/12/2023,05/08/2023,No,Yes
212,212,No,Better Competitor,10,5,26/08/2022,16/08/2024,Yes,Yes
213,213,Yes,High Fees,1,3,19/03/2023,15/08/2024,Yes,No
214,214,Yes,Poor Service,1,6,21/06/2023,27/10/2024,No,No
215,215,Yes,Poor Service,4,4,01/12/2024,17/07/2022,No,No
216,216,No,Relocation,9,9,22/11/2022,15/01/2024,No,Yes
217,217,Yes,No Reason Given,2,9,22/09/2022,04/06/2023,Yes,No
218,218,No,Poor Service,7,5,16/01/2023,30/05/2022,No,Yes
219,219,No,Financial Difficulty,1,1,03/10/2022,27/09/2023,Yes,Yes
220,220,No,No Reason Given,8,5,08/02/2022,29/06/2022,Yes,Yes
221,221,Yes,Financial Difficulty,3,1,01/12/2022,10/05/2024,No,No
222,222,No,No Reason Given,5,1,23/03/2022,17/10/2024,No,No
223,223,Yes,Better Competitor,3,9,06/09/2023,11/07/2023,No,Yes
224,224,Yes,Better Competitor,5,1,31/03/2024,22/03/2023,Yes,No
225,225,No,No Reason Given,4,0,30/05/2023,22/08/2022,Yes,Yes
226,226,No,Poor Service,4,5,20/03/2024,28/02/2024,No,Yes
227,227,Yes,High Fees,8,7,23/09/2024,10/09/2023,No,No
228,228,Yes,Poor Service,9,6,26/06/2022,29/09/2024,No,No
229,229,No,Poor Service,2,0,03/04/2023,08/10/2023,No,Yes
230,230,Yes,High Fees,3,9,18/11/2024,25/07/2024,No,Yes
231,231,Yes,Poor Service,7,4,27/05/2022,28/12/2024,No,Yes
232,232,No,Relocation,10,7,23/05/2022,08/12/2024,Yes,No
233,233,Yes,Better Competitor,10,8,22/11/2024,22/01/2023,Yes,Yes
234,234,No,High Fees,6,5,28/03/2022,12/03/2022,Yes,No
235,235,No,No Reason Given,2,1,26/06/2024,28/05/2023,Yes,No
236,236,Yes,Poor Service,2,6,21/06/2023,01/08/2022,No,Yes
237,237,No,Relocation,4,3,13/05/2024,13/05/2024,Yes,No
238,238,Yes,Poor Service,4,3,23/05/2022,23/08/2022,No,Yes
239,239,No,No Reason Given,3,6,01/11/2022,25/09/2023,No,No
240,240,No,Poor Service,5,10,02/04/2023,28/12/2024,Yes,Yes
241,241,No,No Reason Given,7,8,03/10/2024,02/03/2022,No,No
242,242,No,Financial Difficulty,5,2,27/08/2022,26/12/2022,No,Yes
243,243,No,Financial Difficulty,10,6,02/01/2023,07/04/2023,Yes,No
244,244,No,High Fees,10,0,01/07/2022,05/07/2022,Yes,No
245,245,Yes,Relocation,4,2,07/04/2023,25/08/2023,Yes,Yes
246,246,No,Poor Service,5,10,23/12/2022,13/06/2022,Yes,No
247,247,Yes,Poor Service,2,1,10/03/2024,06/05/2023,Yes,Yes
248,248,No,High Fees,1,6,09/11/2023,05/06/2023,No,No
249,249,Yes,No Reason Given,7,6,05/01/2024,14/05/2024,No,Yes
250,250,Yes,Better Competitor,4,1,28/07/2022,21/06/2023,No,Yes
251,251,No,No Reason Given,1,6,19/10/2024,03/05/2023,No,No
252,252,No,Relocation,10,7,02/02/2022,01/10/2022,No,Yes
253,253,No,Poor Service,1,3,10/10/2022,18/09/2022,Yes,No
254,254,Yes,Relocation,8,3,24/08/2023,27/12/2023,No,Yes
255,255,No,Financial Difficulty,1,4,06/05/2023,15/04/2022,No,Yes
256,256,No,High Fees,5,9,03/05/2024,11/08/2022,Yes,No
257,257,Yes,Poor Service,9,9,07/05/2022,15/03/2023,Yes,Yes
258,258,Yes,Financial Difficulty,4,5,28/09/2023,27/08/2024,Yes,Yes
259,259,Yes,Poor Service,6,2,21/05/2022,02/09/2022,No,Yes
260,260,No,Relocation,3,5,10/11/2022,10/04/2024,Yes,No
261,261,No,Better Competitor,1,5,15/07/2022,09/12/2024,No,Yes
262,262,Yes,No Reason Given,3,7,21/12/2022,20/12/2024,Yes,No
263,263,Yes,Relocation,10,7,10/05/2023,06/02/2024,No,Yes
264,264,Yes,Poor Service,5,10,19/06/2022,29/12/2023,Yes,No
265,265,No,No Reason Given,2,10,05/06/2023,30/03/2023,Yes,Yes
266,266,No,Better Competitor,9,7,24/01/2022,23/02/2024,No,No
267,267,No,Better Competitor,10,10,05/11/2022,23/07/2023,No,Yes
268,268,Yes,Relocation,9,6,08/08/2022,21/04/2022,No,Yes
269,269,Yes,Poor Service,6,5,19/05/2023,23/11/2022,No,No
270,270,Yes,High Fees,9,10,18/07/2022,30/05/2023,No,Yes
271,271,Yes,Poor Service,9,7,21/03/2024,06/08/2022,No,No
272,272,No,Better Competitor,8,6,24/07/2024,10/01/2024,No,Yes
273,273,No,Better Competitor,2,9,10/02/2024,19/12/2023,No,No
274,274,Yes,Relocation,5,7,01/11/2024,11/05/2023,No,No
275,275,Yes,High Fees,1,4,29/05/2023,09/10/2023,No,Yes
276,276,No,Relocation,4,0,16/05/2023,24/10/2022,Yes,Yes
277,277,Yes,Relocation,4,10,20/10/2024,25/06/2022,Yes,Yes
278,278,Yes,Better Competitor,2,10,02/11/2022,24/12/2024,Yes,Yes
279,279,No,High Fees,3,1,09/05/2022,26/03/2022,No,No
280,280,No,Financial Difficulty,5,10,28/03/2024,10/12/2022,No,No
281,281,Yes,Better Competitor,1,9,16/10/2023,08/04/2023,No,No
282,282,No,Better Competitor,2,2,18/01/2024,04/10/2024,Yes,No
283,283,Yes,High Fees,9,1,20/03/2024,12/01/2024,No,No
284,284,No,Financial Difficulty,6,2,30/11/2022,22/09/2023,Yes,Yes
285,285,Yes,No Reason Given,1,5,05/11/2024,22/02/2024,Yes,No
286,286,Yes,Better Competitor,6,9,08/10/2024,17/02/2022,No,Yes
287,287,No,Relocation,8,3,05/12/2022,31/07/2023,Yes,Yes
288,288,Yes,Poor Service,6,8,10/04/2023,23/09/2024,No,No
289,289,Yes,Financial Difficulty,7,8,26/12/2023,02/08/2024,Yes,Yes
290,290,Yes,Financial Difficulty,8,2,15/07/2023,05/03/2022,Yes,Yes
291,291,Yes,Relocation,10,6,29/05/2023,26/09/2024,No,No
292,292,No,Better Competitor,5,4,02/07/2023,24/08/2024,No,Yes
293,293,No,Relocation,1,4,13/06/2024,05/10/2024,No,Yes
294,294,Yes,Relocation,9,6,19/09/2024,17/03/2023,Yes,Yes
295,295,Yes,Better Competitor,10,10,18/07/2024,10/02/2023,Yes,No
296,296,Yes,Better Competitor,8,5,14/07/2024,15/02/2023,No,No
297,297,No,Better Competitor,7,3,05/08/2022,02/08/2024,No,Yes
298,298,Yes,No Reason Given,7,5,29/12/2024,30/09/2023,Yes,No
299,299,No,Poor Service,10,9,07/11/2024,14/05/2023,Yes,No
300,300,No,Financial Difficulty,4,2,07/11/2023,18/02/2024,Yes,No
301,301,No,Financial Difficulty,1,9,02/06/2024,27/10/2023,No,Yes
302,302,No,Relocation,5,8,26/02/2022,15/11/2024,No,Yes
303,303,Yes,High Fees,9,3,19/07/2023,20/09/2024,No,Yes
304,304,No,Poor Service,1,6,10/08/2024,25/05/2022,No,Yes
305,305,No,Better Competitor,9,2,05/12/2022,19/09/2024,No,Yes
306,306,Yes,High Fees,4,4,15/07/2023,15/08/2022,No,No
307,307,No,No Reason Given,6,10,20/11/2023,16/01/2023,Yes,No
308,308,No,Relocation,8,0,02/07/2024,05/10/2022,Yes,Yes
309,309,Yes,Financial Difficulty,8,3,07/02/2023,25/01/2024,Yes,No
310,310,Yes,High Fees,5,10,08/05/2022,03/10/2024,Yes,Yes
311,311,No,Relocation,1,5,22/01/2022,16/06/2022,Yes,No
312,312,No,Financial Difficulty,4,5,15/04/2024,28/02/2024,Yes,No
313,313,Yes,No Reason Given,1,2,26/01/2022,24/02/2022,Yes,Yes
314,314,Yes,Better Competitor,5,1,29/03/2023,23/11/2023,Yes,No
315,315,Yes,Better Competitor,10,2,05/07/2024,25/05/2023,Yes,No
316,316,Yes,Relocation,2,9,24/06/2024,22/08/2023,Yes,No
317,317,No,Poor Service,7,8,07/11/2022,09/04/2022,No,No
318,318,No,Relocation,7,8,03/02/2024,13/07/2023,No,Yes
319,319,No,No Reason Given,7,4,17/11/2023,14/09/2024,Yes,Yes
320,320,Yes,Poor Service,2,6,05/02/2023,26/07/2023,No,Yes
321,321,Yes,High Fees,6,6,23/04/2024,11/02/2022,Yes,No
322,322,No,No Reason Given,7,3,03/11/2024,21/04/2022,No,Yes
323,323,Yes,Financial Difficulty,2,7,30/12/2022,13/09/2024,No,Yes
324,324,Yes,Relocation,8,1,19/07/2022,29/07/2023,Yes,No
325,325,No,Poor Service,4,7,04/05/2023,07/09/2023,Yes,Yes
326,326,No,Financial Difficulty,9,0,30/10/2023,31/03/2022,No,Yes
327,327,No,Better Competitor,8,4,01/04/2023,04/01/2023,Yes,Yes
328,328,No,Relocation,9,8,26/04/2022,05/02/2022,No,Yes
329,329,No,Financial Difficulty,1,2,08/07/2023,15/03/2022,No,Yes
330,330,No,Better Competitor,6,3,21/05/2023,06/04/2023,Yes,Yes
331,331,Yes,Better Competitor,9,0,24/11/2024,03/12/2023,No,No
332,332,No,Poor Service,4,9,11/02/2023,14/02/2023,No,No
333,333,No,Relocation,5,9,03/12/2023,04/09/2024,Yes,No
334,334,No,Relocation,9,9,15/11/2023,08/04/2023,No,Yes
335,335,No,No Reason Given,6,4,30/05/2022,22/06/2022,No,No
336,336,Yes,High Fees,1,4,18/11/2024,16/06/2023,Yes,Yes
337,337,Yes,Relocation,10,4,10/08/2023,20/11/2023,No,No
338,338,Yes,Poor Service,4,3,20/04/2022,09/11/2022,Yes,No
339,339,No,No Reason Given,8,3,13/12/2022,09/11/2022,No,Yes
340,340,Yes,No Reason Given,3,10,02/09/2023,26/07/2023,No,Yes
341,341,No,High Fees,10,3,09/02/2023,17/06/2023,No,No
342,342,Yes,No Reason Given,10,1,19/06/2024,06/03/2022,No,Yes
343,343,Yes,Better Competitor,3,3,01/01/2023,24/11/2022,Yes,No
344,344,No,Relocation,9,6,05/03/2022,02/07/2022,Yes,Yes
345,345,No,Relocation,4,7,14/07/2023,14/04/2024,Yes,No
346,346,Yes,Relocation,3,3,15/03/2023,24/05/2022,Yes,No
347,347,No,Relocation,6,2,31/01/2023,16/05/2023,Yes,Yes
348,348,Yes,Relocation,10,3,05/02/2023,05/01/2023,No,No
349,349,Yes,No Reason Given,10,7,14/09/2024,18/09/2024,Yes,Yes
350,350,Yes,No Reason Given,9,10,06/05/2023,19/08/2024,No,Yes
351,351,No,Relocation,10,7,29/12/2024,24/09/2022,Yes,Yes
352,352,Yes,Relocation,1,1,10/05/2024,17/12/2023,Yes,No
353,353,No,Poor Service,6,4,24/06/2022,22/10/2023,Yes,No
354,354,Yes,Better Competitor,1,5,10/08/2023,25/02/2024,No,Yes
355,355,No,No Reason Given,2,9,16/03/2023,13/07/2023,Yes,No
356,356,Yes,Financial Difficulty,1,9,18/09/2023,03/02/2023,Yes,No
357,357,No,Better Competitor,3,3,09/10/2024,28/06/2024,No,No
358,358,Yes,No Reason Given,3,1,11/12/2023,31/05/2024,No,No
359,359,Yes,Better Competitor,5,7,31/12/2022,16/10/2022,Yes,Yes
360,360,No,No Reason Given,5,9,04/12/2022,10/12/2022,No,No
361,361,Yes,Better Competitor,7,3,25/10/2023,10/07/2022,Yes,Yes
362,362,Yes,No Reason Given,7,0,27/09/2022,07/05/2022,Yes,Yes
363,363,No,Financial Difficulty,8,10,05/01/2022,14/04/2022,No,No
364,364,No,Poor Service,8,5,23/06/2024,17/10/2023,Yes,No
365,365,Yes,Relocation,2,3,16/04/2022,06/12/2024,No,No
366,366,Yes,Better Competitor,5,0,21/08/2022,31/03/2024,Yes,No
367,367,Yes,Financial Difficulty,9,2,20/09/2022,19/02/2022,No,Yes
368,368,No,Poor Service,9,8,10/03/2023,30/08/2024,No,Yes
369,369,No,High Fees,3,10,13/10/2023,20/11/2022,No,No
370,370,No,Relocation,4,8,04/08/2023,13/11/2022,No,Yes
371,371,Yes,Poor Service,2,8,02/11/2024,10/11/2024,No,No
372,372,Yes,Financial Difficulty,1,9,14/11/2022,23/08/2023,No,Yes
373,373,No,Better Competitor,8,3,12/09/2022,20/03/2024,No,No
374,374,Yes,No Reason Given,1,6,16/08/2024,17/01/2023,Yes,No
375,375,No,Better Competitor,9,6,06/11/2023,12/07/2022,Yes,Yes
376,376,No,Better Competitor,9,10,02/02/2024,19/04/2023,No,Yes
377,377,No,Financial Difficulty,4,6,15/09/2024,26/09/2024,Yes,Yes
378,378,Yes,Relocation,5,10,28/02/2022,28/10/2022,No,Yes
379,379,Yes,Relocation,9,0,09/07/2023,26/10/2023,No,No
380,380,Yes,No Reason Given,2,6,19/12/2024,11/03/2023,No,No
381,381,Yes,Relocation,5,6,06/03/2022,28/06/2024,No,No
382,382,No,Better Competitor,3,7,01/03/2022,06/05/2024,No,Yes
383,383,No,Poor Service,5,2,17/04/2023,05/06/2023,Yes,No
384,384,No,Poor Service,4,6,28/03/2022,01/09/2023,Yes,Yes
385,385,No,Better Competitor,2,10,26/06/2022,18/11/2022,No,No
386,386,Yes,Financial Difficulty,2,1,01/08/2023,12/09/2024,Yes,No
387,387,Yes,No Reason Given,2,2,29/03/2023,22/06/2022,No,Yes
388,388,Yes,High Fees,9,1,15/12/2023,06/12/2022,No,No
389,389,Yes,Poor Service,2,3,01/05/2024,17/10/2023,No,No
390,390,No,High Fees,9,8,16/06/2023,04/10/2023,No,Yes
391,391,Yes,Financial Difficulty,3,4,04/07/2023,06/01/2024,No,No
392,392,No,No Reason Given,2,10,15/10/2022,03/07/2023,Yes,No
393,393,No,Better Competitor,5,4,21/11/2024,06/11/2022,Yes,No
394,394,Yes,No Reason Given,9,9,25/02/2023,16/06/2022,No,No
395,395,Yes,No Reason Given,4,10,19/11/2022,08/08/2022,Yes,No
396,396,Yes,Financial Difficulty,2,0,20/07/2022,04/07/2022,No,No
397,397,Yes,Relocation,3,9,19/07/2024,13/06/2024,Yes,Yes
398,398,Yes,Poor Service,10,0,22/08/2022,30/05/2022,No,Yes
399,399,Yes,Relocation,6,9,31/01/2022,28/11/2023,Yes,Yes
400,400,Yes,Better Competitor,6,4,13/05/2024,29/10/2022,No,Yes
401,401,No,Poor Service,8,0,22/07/2024,21/09/2024,Yes,No
402,402,No,No Reason Given,4,0,15/11/2022,29/01/2023,Yes,No
403,403,Yes,Relocation,9,9,24/12/2023,18/10/2024,No,Yes
404,404,Yes,Better Competitor,10,6,05/11/2022,25/12/2022,Yes,No
405,405,No,Financial Difficulty,2,0,08/08/2024,19/03/2024,No,Yes
406,406,No,High Fees,1,4,29/09/2023,27/03/2022,No,No
407,407,Yes,Relocation,10,9,27/09/2024,18/03/2023,No,Yes
408,408,Yes,Relocation,10,6,12/02/2024,21/10/2023,No,No
409,409,Yes,Better Competitor,4,10,22/02/2023,29/12/2024,No,Yes
410,410,Yes,High Fees,7,8,21/04/2024,29/08/2022,No,Yes
411,411,No,High Fees,6,10,24/02/2024,28/05/2022,Yes,Yes
412,412,No,Better Competitor,4,6,12/10/2022,17/02/2024,No,Yes
413,413,Yes,No Reason Given,1,9,18/12/2024,18/12/2023,Yes,No
414,414,No,High Fees,9,7,04/02/2024,02/06/2023,No,Yes
415,415,No,Financial Difficulty,5,7,23/10/2022,04/11/2024,No,No
416,416,Yes,Better Competitor,9,9,14/05/2024,26/05/2024,No,Yes
417,417,No,Better Competitor,10,3,28/04/2024,25/08/2024,Yes,No
418,418,No,High Fees,7,0,09/10/2024,13/05/2024,Yes,No
419,419,No,High Fees,1,0,23/01/2022,14/12/2024,Yes,No
420,420,Yes,Financial Difficulty,8,10,08/06/2024,26/02/2024,Yes,No
421,421,Yes,Better Competitor,7,2,29/09/2022,06/07/2022,No,No
422,422,Yes,High Fees,6,5,09/03/2022,15/04/2022,No,No
423,423,Yes,Financial Difficulty,8,0,05/07/2024,01/04/2023,Yes,No
424,424,No,Relocation,10,1,18/08/2024,26/09/2024,No,No
425,425,Yes,High Fees,6,6,28/12/2022,29/06/2022,No,Yes
426,426,Yes,Poor Service,7,7,13/08/2022,22/11/2024,Yes,Yes
427,427,No,High Fees,5,10,15/07/2022,27/02/2023,Yes,No
428,428,No,Poor Service,8,9,07/10/2024,01/02/2023,Yes,No
429,429,Yes,Poor Service,3,2,15/07/2023,05/12/2024,No,Yes
430,430,Yes,High Fees,4,7,31/07/2022,01/03/2024,Yes,No
431,431,Yes,Relocation,5,9,07/09/2024,04/07/2024,No,No
432,432,No,Better Competitor,10,6,19/05/2024,01/12/2022,No,No
433,433,Yes,Poor Service,6,9,17/12/2022,30/04/2022,Yes,No
434,434,No,No Reason Given,4,7,11/03/2024,27/12/2024,No,Yes
435,435,No,No Reason Given,6,3,23/04/2023,01/06/2024,No,Yes
436,436,Yes,Relocation,2,0,01/05/2023,13/07/2023,No,No
437,437,Yes,High Fees,2,6,23/01/2024,03/10/2024,Yes,Yes
438,438,No,Relocation,10,0,10/04/2023,19/09/2023,No,Yes
439,439,Yes,Poor Service,6,2,16/04/2022,04/08/2023,No,Yes
440,440,No,High Fees,4,5,22/05/2024,10/01/2022,No,No
441,441,No,Better Competitor,3,5,19/08/2022,05/09/2023,No,No
442,442,Yes,Relocation,6,3,09/04/2022,13/10/2024,Yes,Yes
443,443,No,Relocation,5,8,01/01/2022,25/07/2022,Yes,No
444,444,No,High Fees,8,10,28/12/2023,14/01/2022,Yes,No
445,445,No,Financial Difficulty,10,1,31/01/2023,07/03/2023,No,No
446,446,Yes,Relocation,7,8,06/01/2022,19/08/2024,Yes,Yes
447,447,No,No Reason Given,3,5,27/09/2023,09/01/2024,Yes,No
448,448,No,Relocation,2,10,14/06/2024,20/08/2023,Yes,No
449,449,Yes,High Fees,7,2,01/11/2023,13/12/2024,No,Yes
450,450,No,Relocation,9,8,26/05/2023,17/01/2023,Yes,Yes
451,451,Yes,No Reason Given,4,9,26/05/2024,08/12/2024,Yes,Yes
452,452,No,Financial Difficulty,2,2,20/08/2023,02/02/2022,Yes,Yes
453,453,No,No Reason Given,8,3,20/10/2023,02/03/2023,Yes,Yes
454,454,Yes,Financial Difficulty,7,7,22/06/2024,17/08/2022,Yes,No
455,455,Yes,Poor Service,8,3,13/06/2022,08/09/2024,No,Yes
456,456,No,Poor Service,8,5,17/11/2024,07/07/2024,Yes,No
457,457,No,Relocation,10,9,28/11/2024,10/01/2023,No,Yes
458,458,Yes,Poor Service,2,10,02/12/2023,14/05/2024,Yes,Yes
459,459,Yes,Relocation,10,3,14/02/2022,04/02/2024,Yes,Yes
460,460,No,High Fees,2,2,30/10/2024,18/07/2024,Yes,No
461,461,No,Poor Service,1,0,04/09/2024,27/06/2024,Yes,No
462,462,Yes,Better Competitor,4,5,11/08/2023,14/05/2024,No,Yes
463,463,Yes,Better Competitor,7,9,16/08/2024,16/09/2022,Yes,Yes
464,464,No,No Reason Given,4,1,16/04/2022,15/08/2024,Yes,Yes
465,465,Yes,Better Competitor,9,5,13/09/2024,08/12/2023,No,No
466,466,Yes,No Reason Given,5,5,13/05/2023,02/01/2023,Yes,No
467,467,Yes,Poor Service,6,9,03/11/2023,01/05/2023,No,Yes
468,468,No,Better Competitor,10,7,10/04/2022,19/01/2024,Yes,No
469,469,Yes,Better Competitor,5,0,26/09/2024,18/03/2023,Yes,Yes
470,470,No,Better Competitor,5,0,31/01/2024,09/05/2022,Yes,Yes
471,471,Yes,No Reason Given,6,8,13/06/2023,20/02/2022,No,Yes
472,472,Yes,Better Competitor,4,2,09/03/2024,04/06/2022,Yes,No
473,473,No,Poor Service,5,2,28/07/2023,19/12/2024,Yes,No
474,474,No,Financial Difficulty,7,9,30/05/2024,17/02/2023,Yes,No
475,475,No,Better Competitor,1,1,12/06/2024,12/09/2022,No,Yes
476,476,Yes,High Fees,10,5,24/04/2024,17/11/2024,Yes,No
477,477,Yes,High Fees,7,5,04/02/2022,03/09/2024,Yes,No
478,478,Yes,Better Competitor,5,5,01/04/2023,13/09/2022,No,No
479,479,Yes,Poor Service,9,4,29/09/2023,07/10/2024,Yes,No
480,480,Yes,Better Competitor,7,7,09/11/2023,17/02/2023,Yes,Yes
481,481,No,Financial Difficulty,5,1,10/08/2024,09/08/2022,No,No
482,482,No,No Reason Given,6,7,29/06/2023,01/08/2023,No,No
483,483,No,High Fees,1,0,05/10/2024,30/07/2023,No,Yes
484,484,Yes,Better Competitor,3,5,20/06/2024,25/03/2024,No,Yes
485,485,No,Financial Difficulty,7,8,03/07/2022,08/06/2022,Yes,No
486,486,Yes,High Fees,4,5,01/06/2022,04/04/2023,No,No
487,487,No,Poor Service,7,6,31/07/2024,26/02/2023,No,No
488,488,Yes,High Fees,3,3,11/10/2022,13/11/2022,Yes,No
489,489,Yes,Better Competitor,4,5,13/12/2023,05/04/2023,Yes,Yes
490,490,Yes,Financial Difficulty,10,7,22/08/2023,04/02/2022,No,Yes
491,491,Yes,Better Competitor,6,5,18/01/2023,20/10/2024,No,Yes
492,492,Yes,No Reason Given,2,7,15/08/2024,31/03/2023,No,No
493,493,Yes,Financial Difficulty,7,6,29/07/2022,28/01/2024,No,Yes
494,494,Yes,Poor Service,3,1,09/05/2022,22/02/2024,No,No
495,495,No,Better Competitor,10,2,29/01/2023,31/07/2023,No,No
496,496,No,High Fees,1,9,06/12/2022,22/06/2024,No,Yes
497,497,No,Relocation,8,4,27/06/2022,14/12/2023,No,No
498,498,Yes,Relocation,8,2,20/07/2022,10/03/2023,No,Yes
499,499,No,Relocation,9,1,29/07/2022,19/03/2024,Yes,Yes
500,500,No,Poor Service,8,8,03/04/2023,11/05/2023,No,No
501,501,Yes,No Reason Given,2,8,30/11/2024,18/01/2024,Yes,Yes
502,502,No,Relocation,1,5,24/03/2024,22/04/2024,Yes,No
503,503,Yes,Poor Service,2,4,13/01/2022,19/11/2022,Yes,No
504,504,Yes,Better Competitor,5,1,19/01/2024,05/08/2024,Yes,No
505,505,No,No Reason Given,8,5,30/08/2022,25/03/2022,No,Yes
506,506,Yes,Relocation,1,3,21/11/2023,02/05/2022,No,Yes
507,507,No,Poor Service,1,0,19/05/2022,15/12/2024,No,Yes
508,508,Yes,High Fees,9,6,30/08/2024,24/05/2024,No,Yes
509,509,Yes,Relocation,7,3,28/08/2023,07/05/2023,No,Yes
510,510,Yes,Relocation,6,3,10/04/2023,23/12/2022,Yes,No
511,511,No,Relocation,8,1,01/04/2022,23/01/2024,Yes,No
512,512,Yes,High Fees,3,2,01/02/2023,19/09/2022,No,No
513,513,Yes,Financial Difficulty,9,4,25/02/2022,16/06/2023,No,Yes
514,514,No,Poor Service,8,9,24/04/2024,11/03/2022,Yes,Yes
515,515,No,Relocation,2,1,15/12/2023,25/02/2023,Yes,Yes
516,516,No,High Fees,2,6,10/02/2024,02/12/2022,No,Yes
517,517,No,Financial Difficulty,6,8,01/02/2023,25/07/2022,Yes,No
518,518,Yes,Poor Service,3,8,18/08/2023,19/01/2022,No,Yes
519,519,No,Better Competitor,6,2,15/06/2024,17/02/2023,Yes,No
520,520,No,High Fees,6,6,08/02/2024,27/12/2023,No,Yes
521,521,Yes,No Reason Given,5,0,17/12/2022,06/09/2023,Yes,Yes
522,522,Yes,Poor Service,10,1,01/08/2023,09/07/2023,No,No
523,523,No,Financial Difficulty,10,4,30/12/2022,19/11/2022,Yes,No
524,524,Yes,High Fees,7,7,09/04/2022,23/01/2023,Yes,No
525,525,Yes,No Reason Given,5,2,17/12/2023,10/08/2024,No,No
526,526,Yes,No Reason Given,4,10,29/10/2022,11/04/2022,No,Yes
527,527,No,No Reason Given,6,5,24/10/2023,21/06/2022,Yes,No
528,528,Yes,Poor Service,8,0,20/07/2024,24/02/2022,No,Yes
529,529,No,Better Competitor,2,4,02/02/2022,19/07/2023,No,Yes
530,530,Yes,Better Competitor,6,9,25/02/2024,22/12/2024,No,No
531,531,No,Financial Difficulty,9,10,10/07/2023,12/01/2022,Yes,No
532,532,Yes,High Fees,10,6,22/02/2022,11/10/2023,No,No
533,533,No,Relocation,4,3,29/01/2024,27/10/2023,Yes,Yes
534,534,No,Poor Service,9,10,06/09/2024,01/09/2024,Yes,Yes
535,535,Yes,Relocation,3,7,26/06/2023,03/04/2024,Yes,Yes
536,536,No,Better Competitor,10,5,08/03/2024,17/03/2022,Yes,Yes
537,537,No,No Reason Given,7,3,16/05/2023,08/03/2023,No,No
538,538,Yes,Poor Service,10,8,23/02/2022,30/11/2023,Yes,No
539,539,No,Relocation,2,9,09/10/2024,28/03/2023,No,Yes
540,540,No,No Reason Given,6,7,06/12/2022,03/06/2022,No,Yes
541,541,No,Poor Service,1,0,13/12/2023,10/05/2022,Yes,Yes
542,542,Yes,Financial Difficulty,7,6,06/09/2024,12/09/2022,No,Yes
543,543,Yes,No Reason Given,8,7,18/12/2024,23/04/2023,Yes,Yes
544,544,No,Financial Difficulty,5,2,30/07/2022,21/04/2023,No,No
545,545,No,High Fees,5,7,18/03/2024,05/11/2022,Yes,Yes
546,546,No,Financial Difficulty,3,4,14/02/2022,10/11/2023,Yes,No
547,547,No,Financial Difficulty,2,0,09/09/2023,16/07/2023,No,Yes
548,548,Yes,Relocation,3,7,14/07/2022,09/03/2024,Yes,Yes
549,549,Yes,No Reason Given,10,9,08/06/2022,27/09/2024,No,Yes
550,550,No,Financial Difficulty,7,4,25/08/2023,16/04/2022,No,No
551,551,No,High Fees,6,0,20/11/2022,19/04/2023,No,No
552,552,Yes,Better Competitor,1,9,19/11/2024,22/01/2024,Yes,Yes
553,553,No,No Reason Given,7,7,04/06/2024,04/03/2022,Yes,Yes
554,554,No,Financial Difficulty,2,3,14/01/2023,24/03/2022,Yes,Yes
555,555,Yes,Financial Difficulty,3,4,30/01/2023,20/12/2024,No,No
556,556,No,Relocation,7,9,16/02/2023,31/07/2022,No,Yes
557,557,Yes,Relocation,1,1,17/12/2023,27/05/2024,Yes,Yes
558,558,No,No Reason Given,3,9,22/03/2023,07/11/2023,Yes,Yes
559,559,Yes,Poor Service,8,3,23/09/2024,04/07/2024,No,Yes
560,560,Yes,Better Competitor,4,2,10/04/2024,19/05/2022,No,No
561,561,No,Poor Service,7,9,25/07/2022,02/01/2023,Yes,Yes
562,562,No,High Fees,5,2,07/04/2022,10/08/2023,Yes,Yes
563,563,Yes,Poor Service,9,9,02/12/2024,01/06/2022,No,Yes
564,564,No,Better Competitor,5,2,29/11/2024,04/06/2024,Yes,No
565,565,Yes,No Reason Given,9,8,17/10/2023,27/05/2023,Yes,Yes
566,566,Yes,Relocation,10,0,12/10/2022,15/12/2022,Yes,No
567,567,Yes,High Fees,6,1,31/10/2022,29/12/2022,Yes,Yes
568,568,No,Better Competitor,4,7,25/10/2023,04/09/2023,No,No
569,569,Yes,Better Competitor,8,10,05/11/2023,25/09/2022,No,No
570,570,Yes,High Fees,2,6,14/06/2022,10/09/2023,No,Yes
571,571,No,High Fees,8,7,05/11/2022,20/08/2022,No,Yes
572,572,Yes,High Fees,6,10,10/02/2024,23/06/2022,Yes,Yes
573,573,No,Financial Difficulty,7,9,10/05/2023,26/07/2023,Yes,No
574,574,No,Financial Difficulty,1,2,06/01/2022,09/09/2022,Yes,Yes
575,575,No,No Reason Given,9,10,19/07/2024,11/12/2022,No,No
576,576,No,Poor Service,4,7,28/01/2022,13/11/2024,No,No
577,577,Yes,Relocation,5,10,27/09/2024,18/11/2024,No,No
578,578,Yes,Better Competitor,2,6,19/08/2023,21/03/2024,Yes,Yes
579,579,No,High Fees,2,0,23/03/2022,10/09/2022,Yes,Yes
580,580,Yes,Relocation,2,10,23/08/2023,30/09/2022,No,Yes
581,581,No,Relocation,5,9,23/01/2024,05/06/2024,Yes,No
582,582,Yes,High Fees,9,7,31/03/2022,02/11/2023,Yes,Yes
583,583,No,Financial Difficulty,2,9,10/04/2022,05/12/2024,Yes,No
584,584,No,Relocation,7,1,09/07/2022,16/06/2022,No,No
585,585,No,Poor Service,7,5,08/04/2024,26/04/2022,Yes,No
586,586,Yes,Better Competitor,2,5,12/04/2024,30/08/2024,No,Yes
587,587,No,Better Competitor,1,9,12/06/2022,08/01/2023,No,No
588,588,Yes,No Reason Given,5,6,11/10/2024,05/08/2024,No,No
589,589,No,Better Competitor,5,5,14/10/2022,28/07/2024,Yes,No
590,590,Yes,No Reason Given,1,8,09/06/2023,08/06/2022,No,Yes
591,591,Yes,Poor Service,2,4,18/08/2023,08/06/2023,Yes,No
592,592,No,High Fees,2,7,17/01/2024,13/02/2024,Yes,Yes
593,593,Yes,Poor Service,5,10,05/12/2024,04/10/2024,Yes,No
594,594,Yes,Poor Service,1,6,01/05/2024,22/10/2023,No,No
595,595,No,Relocation,4,4,04/07/2023,07/04/2022,No,Yes
596,596,Yes,No Reason Given,10,4,16/02/2024,07/01/2022,No,Yes
597,597,Yes,Financial Difficulty,7,1,14/05/2024,16/10/2024,Yes,Yes
598,598,Yes,Better Competitor,5,2,24/03/2024,27/12/2024,Yes,No
599,599,Yes,Poor Service,6,3,15/06/2023,14/07/2024,No,Yes
600,600,Yes,Poor Service,2,9,03/02/2022,01/09/2022,No,Yes
601,601,No,No Reason Given,1,0,02/11/2023,27/04/2023,No,Yes
602,602,Yes,Financial Difficulty,7,2,08/02/2022,28/03/2023,No,Yes
603,603,Yes,High Fees,9,2,17/02/2023,16/05/2022,Yes,Yes
604,604,Yes,Better Competitor,5,0,12/08/2022,13/12/2023,No,No
605,605,No,Better Competitor,10,5,10/01/2024,06/03/2024,Yes,Yes
606,606,Yes,Poor Service,7,0,24/06/2023,19/08/2023,Yes,Yes
607,607,Yes,Poor Service,9,6,28/07/2022,07/12/2022,Yes,No
608,608,No,Poor Service,5,0,24/01/2022,08/03/2024,Yes,Yes
609,609,Yes,High Fees,2,5,10/04/2024,13/10/2022,No,No
610,610,No,High Fees,8,5,23/11/2023,12/11/2022,No,Yes
611,611,No,No Reason Given,9,9,29/12/2024,29/11/2023,No,Yes
612,612,Yes,Better Competitor,1,1,12/04/2023,23/03/2022,No,Yes
613,613,Yes,Relocation,8,6,16/02/2024,17/04/2022,No,No
614,614,No,Poor Service,7,7,03/05/2023,02/04/2024,No,No
615,615,Yes,High Fees,10,4,13/01/2024,03/06/2022,No,No
616,616,Yes,Better Competitor,5,6,07/04/2023,15/11/2022,Yes,No
617,617,No,High Fees,8,9,15/03/2024,19/07/2022,Yes,No
618,618,Yes,No Reason Given,7,6,07/10/2023,11/10/2022,No,Yes
619,619,Yes,Poor Service,9,0,17/10/2022,15/06/2023,Yes,No
620,620,Yes,Relocation,6,8,19/05/2022,21/07/2022,Yes,No
621,621,Yes,Relocation,6,1,03/02/2023,21/10/2022,No,Yes
622,622,Yes,High Fees,10,3,16/03/2022,08/12/2022,No,Yes
623,623,Yes,Financial Difficulty,3,2,30/05/2022,09/01/2023,No,No
624,624,No,Better Competitor,5,0,23/09/2022,23/12/2023,No,No
625,625,No,High Fees,6,0,29/10/2023,26/11/2023,Yes,No
626,626,No,Relocation,9,1,12/11/2022,03/07/2023,Yes,No
627,627,Yes,No Reason Given,9,7,14/01/2023,23/11/2024,No,No
628,628,Yes,No Reason Given,7,6,25/02/2024,25/12/2024,No,No
629,629,Yes,Poor Service,6,0,01/06/2023,19/01/2023,No,Yes
630,630,No,Better Competitor,8,5,21/08/2024,09/11/2024,Yes,No
631,631,No,No Reason Given,2,5,21/11/2023,11/04/2024,No,Yes
632,632,No,Better Competitor,1,10,19/08/2022,24/02/2024,Yes,No
633,633,No,Poor Service,10,10,09/07/2022,01/11/2022,No,Yes
634,634,Yes,No Reason Given,6,10,20/09/2023,23/10/2024,Yes,Yes
635,635,No,Relocation,10,8,13/08/2022,16/03/2024,Yes,No
636,636,No,No Reason Given,2,1,20/03/2023,21/07/2023,No,Yes
637,637,Yes,Better Competitor,9,5,18/08/2024,07/02/2023,Yes,Yes
638,638,Yes,High Fees,8,2,05/08/2023,22/06/2024,Yes,No
639,639,Yes,No Reason Given,8,10,29/11/2024,04/12/2023,No,Yes
640,640,Yes,Better Competitor,6,3,10/07/2023,26/10/2024,No,Yes
641,641,Yes,Poor Service,6,0,06/01/2022,13/05/2023,No,Yes
642,642,No,Poor Service,3,0,15/04/2023,08/07/2024,No,No
643,643,No,Poor Service,5,1,19/08/2024,22/04/2023,No,Yes
644,644,No,Better Competitor,2,3,19/03/2022,10/07/2023,No,No
645,645,No,Better Competitor,4,7,08/07/2024,02/10/2022,No,No
646,646,No,Financial Difficulty,10,2,13/04/2023,30/01/2024,Yes,Yes
647,647,No,Financial Difficulty,5,8,05/10/2024,26/05/2022,Yes,No
648,648,Yes,Financial Difficulty,10,10,14/09/2022,12/12/2023,No,Yes
649,649,No,High Fees,7,4,27/04/2022,08/09/2023,Yes,No
650,650,No,Relocation,5,8,03/07/2023,15/08/2023,No,Yes
651,651,No,Relocation,5,2,25/01/2022,21/06/2024,No,No
652,652,Yes,No Reason Given,2,7,25/09/2023,08/09/2022,No,Yes
653,653,No,Better Competitor,7,5,26/12/2022,01/10/2022,Yes,Yes
654,654,Yes,Better Competitor,5,7,01/12/2024,20/01/2022,No,No
655,655,No,Financial Difficulty,5,5,13/07/2024,10/03/2022,Yes,Yes
656,656,Yes,Better Competitor,9,8,07/04/2022,30/11/2023,Yes,Yes
657,657,Yes,Poor Service,9,8,05/11/2022,03/11/2022,Yes,Yes
658,658,No,Better Competitor,4,6,28/08/2022,26/01/2022,Yes,No
659,659,No,Better Competitor,4,4,27/11/2023,15/10/2024,No,Yes
660,660,No,Relocation,9,1,19/05/2024,29/06/2024,Yes,Yes
661,661,No,No Reason Given,10,5,14/06/2023,30/05/2022,No,No
662,662,Yes,No Reason Given,2,5,09/09/2022,21/12/2022,No,Yes
663,663,No,Poor Service,3,7,27/03/2022,11/05/2023,No,Yes
664,664,Yes,Better Competitor,9,0,21/03/2022,17/12/2022,No,Yes
665,665,No,Financial Difficulty,8,3,25/02/2024,18/07/2022,Yes,Yes
666,666,Yes,Poor Service,4,7,13/01/2024,06/07/2022,No,Yes
667,667,No,Poor Service,3,0,22/11/2022,07/06/2022,Yes,No
668,668,No,Relocation,6,9,20/08/2022,14/11/2023,No,Yes
669,669,Yes,Relocation,1,7,15/12/2023,23/02/2023,No,No
670,670,No,Financial Difficulty,9,3,04/07/2023,05/01/2023,Yes,Yes
671,671,No,Poor Service,10,2,26/05/2022,24/10/2023,No,Yes
672,672,No,Relocation,4,9,27/01/2024,01/02/2023,No,No
673,673,Yes,Relocation,5,3,25/08/2024,24/06/2022,No,Yes
674,674,No,Relocation,7,0,11/11/2023,23/03/2022,No,No
675,675,Yes,Poor Service,10,2,18/05/2024,14/06/2022,No,Yes
676,676,Yes,Better Competitor,2,2,15/02/2022,11/11/2022,Yes,No
677,677,No,Relocation,5,10,19/12/2023,15/11/2023,No,No
678,678,No,Better Competitor,8,7,02/04/2022,26/07/2022,Yes,No
679,679,Yes,Poor Service,1,10,27/01/2022,04/04/2023,No,Yes
680,680,Yes,Relocation,7,8,30/10/2022,24/03/2023,Yes,No
681,681,No,High Fees,2,6,21/08/2022,19/08/2023,Yes,Yes
682,682,No,Better Competitor,7,5,22/11/2024,10/07/2023,No,No
683,683,Yes,Poor Service,4,8,16/07/2022,20/06/2023,Yes,No
684,684,Yes,Relocation,7,2,02/02/2022,12/09/2024,No,No
685,685,No,Better Competitor,7,8,16/01/2023,08/12/2023,No,Yes
686,686,No,Poor Service,6,8,06/02/2023,08/06/2022,Yes,Yes
687,687,No,Better Competitor,1,5,10/12/2023,13/04/2023,No,No
688,688,No,Better Competitor,4,8,09/05/2024,15/12/2022,No,No
689,689,Yes,No Reason Given,1,8,12/08/2022,19/03/2022,Yes,Yes
690,690,Yes,High Fees,8,6,14/06/2024,30/10/2024,No,Yes
691,691,Yes,Financial Difficulty,6,3,22/07/2024,03/04/2022,Yes,Yes
692,692,No,Poor Service,2,6,27/08/2022,12/05/2022,Yes,No
693,693,Yes,No Reason Given,7,9,20/05/2024,26/12/2022,Yes,Yes
694,694,Yes,Better Competitor,8,9,29/06/2022,15/05/2024,Yes,No
695,695,Yes,High Fees,9,5,24/09/2023,08/06/2024,No,No
696,696,Yes,Relocation,5,5,08/01/2022,08/08/2024,No,Yes
697,697,No,Better Competitor,3,4,28/03/2022,20/07/2024,No,Yes
698,698,No,Relocation,7,2,13/10/2023,21/02/2022,No,No
699,699,Yes,High Fees,2,10,07/12/2023,10/10/2022,No,Yes
700,700,No,Poor Service,2,3,17/11/2023,14/02/2022,No,No
701,701,Yes,High Fees,7,0,30/03/2023,20/11/2024,No,No
702,702,No,Financial Difficulty,10,10,21/03/2024,02/07/2023,No,No
703,703,Yes,Poor Service,4,8,25/07/2022,18/02/2023,Yes,Yes
704,704,No,Relocation,10,1,01/09/2023,20/05/2022,No,No
705,705,No,Financial Difficulty,10,7,29/03/2023,30/12/2022,No,Yes
706,706,Yes,Financial Difficulty,10,8,04/03/2022,11/08/2024,Yes,No
707,707,No,Financial Difficulty,1,2,16/04/2022,28/03/2022,No,Yes
708,708,No,No Reason Given,7,0,27/01/2024,10/11/2022,No,No
709,709,No,High Fees,3,9,29/04/2024,16/05/2023,Yes,No
710,710,Yes,Financial Difficulty,1,7,17/11/2022,07/12/2024,Yes,No
711,711,Yes,Relocation,3,4,05/07/2022,26/03/2022,Yes,Yes
712,712,Yes,High Fees,3,8,13/08/2023,05/01/2024,No,Yes
713,713,No,Poor Service,5,7,11/05/2022,18/10/2022,Yes,Yes
714,714,Yes,Relocation,7,9,11/02/2024,07/02/2022,Yes,Yes
715,715,Yes,Relocation,1,0,23/05/2023,21/03/2022,No,No
716,716,Yes,Relocation,3,9,03/03/2024,30/05/2024,No,No
717,717,Yes,No Reason Given,10,2,21/03/2022,23/10/2023,No,No
718,718,Yes,No Reason Given,8,3,02/10/2024,20/10/2024,Yes,No
719,719,No,Better Competitor,10,4,04/01/2023,16/11/2023,No,No
720,720,Yes,Relocation,7,3,18/06/2022,14/11/2023,Yes,Yes
721,721,Yes,High Fees,10,1,27/01/2023,06/01/2023,No,No
722,722,No,Poor Service,3,1,03/04/2022,07/10/2022,No,No
723,723,Yes,Relocation,8,5,20/05/2024,10/06/2024,Yes,Yes
724,724,Yes,High Fees,5,9,05/06/2022,01/11/2022,No,Yes
725,725,No,Better Competitor,3,5,13/07/2024,26/02/2022,Yes,Yes
726,726,Yes,High Fees,8,2,29/10/2022,16/01/2023,No,Yes
727,727,No,Better Competitor,10,10,13/09/2023,12/01/2023,No,No
728,728,Yes,Relocation,1,6,04/03/2023,05/06/2023,No,No
729,729,Yes,No Reason Given,10,3,03/02/2022,09/04/2022,Yes,No
730,730,Yes,Financial Difficulty,9,8,07/07/2023,02/05/2024,No,Yes
731,731,Yes,Better Competitor,3,3,21/05/2023,30/09/2023,Yes,No
732,732,No,Financial Difficulty,6,4,09/05/2022,03/08/2022,Yes,Yes
733,733,Yes,High Fees,5,2,19/02/2022,18/07/2024,Yes,No
734,734,Yes,Poor Service,10,6,02/10/2024,24/11/2022,Yes,Yes
735,735,No,High Fees,1,9,19/04/2022,29/10/2023,Yes,Yes
736,736,Yes,Relocation,5,6,17/04/2022,14/12/2022,No,No
737,737,Yes,Financial Difficulty,9,3,04/10/2024,30/09/2023,Yes,Yes
738,738,Yes,Poor Service,6,4,28/08/2022,24/06/2024,Yes,No
739,739,Yes,Financial Difficulty,3,8,09/04/2024,16/11/2022,No,Yes
740,740,No,No Reason Given,7,9,10/07/2023,08/04/2024,Yes,No
741,741,Yes,Financial Difficulty,1,6,12/05/2024,07/06/2024,No,Yes
742,742,Yes,Financial Difficulty,1,4,16/02/2024,04/04/2022,Yes,Yes
743,743,Yes,No Reason Given,1,3,09/01/2022,26/02/2024,No,No
744,744,Yes,Better Competitor,3,6,20/07/2023,13/07/2024,Yes,No
745,745,No,Relocation,7,4,29/03/2023,04/11/2024,No,No
746,746,Yes,Poor Service,7,9,25/01/2023,24/05/2023,No,Yes
747,747,Yes,Poor Service,5,9,17/12/2023,27/12/2024,Yes,No
748,748,No,Relocation,8,5,22/11/2024,18/01/2022,No,No
749,749,Yes,High Fees,1,6,06/08/2023,12/08/2022,No,Yes
750,750,No,Poor Service,2,8,31/05/2023,28/12/2023,Yes,No
751,751,No,Relocation,5,7,12/08/2022,12/03/2022,No,Yes
752,752,No,Poor Service,3,8,31/10/2024,16/10/2022,Yes,No
753,753,No,High Fees,7,9,01/08/2022,23/09/2022,Yes,Yes
754,754,Yes,Better Competitor,9,3,28/11/2023,25/11/2023,No,Yes
755,755,No,Better Competitor,4,10,25/04/2022,29/09/2023,Yes,No
756,756,No,Better Competitor,6,8,02/03/2022,25/02/2022,No,Yes
757,757,Yes,Better Competitor,5,5,29/12/2024,31/07/2023,Yes,Yes
758,758,No,Poor Service,1,0,31/05/2022,28/10/2023,Yes,Yes
759,759,Yes,Relocation,2,5,22/06/2023,08/03/2024,Yes,Yes
760,760,No,Relocation,10,2,28/09/2023,16/06/2023,No,No
761,761,No,High Fees,4,1,03/06/2022,02/08/2024,Yes,No
762,762,Yes,Relocation,9,8,21/03/2024,18/12/2023,No,Yes
763,763,Yes,Financial Difficulty,7,5,02/06/2024,22/10/2023,No,Yes
764,764,Yes,Better Competitor,2,5,07/02/2022,15/01/2024,Yes,Yes
765,765,No,Poor Service,2,1,07/10/2023,17/08/2022,No,Yes
766,766,Yes,High Fees,4,7,29/12/2022,21/09/2023,No,No
767,767,Yes,Better Competitor,10,0,09/03/2024,21/06/2024,Yes,No
768,768,No,Poor Service,6,5,22/05/2022,06/10/2024,Yes,Yes
769,769,No,No Reason Given,2,0,12/01/2023,11/10/2024,No,No
770,770,Yes,Relocation,4,5,03/08/2022,29/07/2022,No,No
771,771,No,Relocation,7,9,24/02/2022,27/02/2024,No,No
772,772,Yes,High Fees,6,4,27/06/2022,22/10/2024,Yes,No
773,773,No,Better Competitor,1,3,15/09/2024,19/02/2023,Yes,No
774,774,No,Better Competitor,6,5,19/08/2023,26/04/2024,Yes,Yes
775,775,No,Relocation,6,4,07/11/2024,15/12/2023,Yes,Yes
776,776,No,Relocation,6,7,11/06/2022,04/01/2022,No,No
777,777,No,Financial Difficulty,9,8,04/07/2023,17/07/2024,Yes,No
778,778,Yes,Financial Difficulty,1,8,02/10/2023,19/09/2022,No,No
779,779,No,Relocation,2,0,07/02/2024,28/08/2022,No,Yes
780,780,Yes,No Reason Given,3,0,12/01/2022,28/09/2022,Yes,Yes
781,781,No,Relocation,1,10,17/09/2023,18/01/2023,Yes,Yes
782,782,Yes,Relocation,4,7,29/12/2022,19/03/2023,No,Yes
783,783,No,Relocation,1,2,26/06/2024,02/10/2023,Yes,No
784,784,Yes,Financial Difficulty,1,2,12/07/2024,05/12/2022,No,No
785,785,No,High Fees,8,3,19/02/2023,10/03/2022,Yes,Yes
786,786,No,High Fees,3,10,31/05/2022,24/11/2022,No,No
787,787,Yes,High Fees,7,6,01/05/2023,06/12/2023,Yes,Yes
788,788,Yes,Financial Difficulty,3,5,14/02/2023,29/03/2022,Yes,No
789,789,Yes,Better Competitor,4,6,04/05/2022,30/03/2022,Yes,No
790,790,No,Financial Difficulty,3,9,16/02/2022,26/02/2023,No,Yes
791,791,Yes,Financial Difficulty,8,1,11/09/2024,12/10/2023,No,Yes
792,792,No,Poor Service,6,7,27/04/2022,28/12/2023,Yes,Yes
793,793,Yes,Poor Service,3,9,18/10/2024,17/02/2023,No,No
794,794,No,Relocation,8,1,30/03/2024,09/09/2024,Yes,Yes
795,795,Yes,High Fees,8,8,01/01/2022,11/08/2022,Yes,Yes
796,796,Yes,Better Competitor,2,7,27/03/2024,24/11/2022,Yes,Yes
797,797,Yes,Relocation,1,0,22/05/2022,16/05/2022,Yes,Yes
798,798,Yes,Poor Service,6,4,03/09/2024,15/12/2022,Yes,No
799,799,Yes,Poor Service,6,10,29/08/2023,17/01/2024,No,Yes
800,800,Yes,Relocation,4,2,29/03/2022,13/01/2022,Yes,No
801,801,No,Poor Service,1,1,10/07/2024,02/12/2022,No,Yes
802,802,No,Better Competitor,7,7,22/02/2023,01/02/2023,No,No
803,803,No,Better Competitor,2,4,23/10/2022,27/03/2023,No,Yes
804,804,No,Better Competitor,5,3,06/12/2024,10/09/2022,Yes,Yes
805,805,Yes,High Fees,1,2,25/08/2022,29/07/2022,No,Yes
806,806,No,High Fees,8,10,10/12/2024,14/11/2024,Yes,Yes
807,807,No,Relocation,4,7,12/08/2023,15/02/2024,Yes,Yes
808,808,No,Poor Service,4,3,20/10/2024,13/05/2022,Yes,Yes
809,809,Yes,Better Competitor,4,1,08/05/2022,08/06/2024,No,Yes
810,810,No,No Reason Given,7,3,16/05/2023,13/03/2024,No,No
811,811,Yes,Poor Service,8,0,28/10/2024,16/07/2022,No,No
812,812,Yes,Poor Service,4,3,26/06/2022,06/04/2024,Yes,Yes
813,813,Yes,Poor Service,10,4,26/07/2024,29/10/2022,Yes,No
814,814,No,Financial Difficulty,6,4,30/05/2022,07/12/2024,No,No
815,815,Yes,Relocation,10,3,27/07/2022,28/02/2023,No,No
816,816,Yes,Financial Difficulty,4,9,02/03/2023,20/01/2022,No,No
817,817,Yes,Better Competitor,1,6,20/05/2024,13/02/2022,Yes,Yes
818,818,No,Relocation,10,7,13/03/2023,14/11/2022,No,No
819,819,No,No Reason Given,10,5,26/04/2022,02/11/2023,Yes,No
820,820,No,Poor Service,1,3,23/07/2024,26/09/2023,Yes,No
821,821,No,Poor Service,2,8,14/06/2023,13/10/2022,No,No
822,822,No,Poor Service,2,6,18/05/2022,06/08/2024,No,No
823,823,Yes,Better Competitor,8,0,22/08/2023,11/06/2024,No,Yes
824,824,Yes,Better Competitor,6,6,20/10/2023,22/01/2023,Yes,Yes
825,825,Yes,Relocation,2,0,21/05/2023,18/08/2022,Yes,No
826,826,Yes,Financial Difficulty,2,7,19/06/2024,06/09/2023,No,Yes
827,827,No,High Fees,4,8,13/05/2023,03/04/2024,No,No
828,828,No,High Fees,4,7,13/03/2024,11/09/2022,No,Yes
829,829,Yes,No Reason Given,2,6,09/06/2022,08/01/2023,No,No
830,830,Yes,Better Competitor,2,6,17/11/2023,21/04/2024,No,No
831,831,Yes,No Reason Given,6,9,01/09/2024,05/09/2022,Yes,Yes
832,832,No,Relocation,6,10,16/11/2022,14/07/2024,Yes,No
833,833,Yes,No Reason Given,5,5,09/07/2024,15/09/2023,Yes,Yes
834,834,No,Better Competitor,2,3,04/10/2023,12/05/2024,Yes,No
835,835,Yes,Poor Service,9,1,30/10/2022,08/11/2022,No,Yes
836,836,Yes,No Reason Given,2,2,29/05/2022,15/02/2024,No,No
837,837,Yes,Relocation,3,1,14/01/2024,25/10/2024,No,Yes
838,838,No,Relocation,7,4,21/07/2024,10/05/2024,No,No
839,839,No,Relocation,8,1,12/12/2023,12/06/2024,No,No
840,840,No,No Reason Given,2,7,29/07/2022,20/06/2024,No,No
841,841,No,Better Competitor,5,4,23/07/2022,23/08/2022,Yes,No
842,842,Yes,Relocation,2,2,26/06/2024,12/06/2024,No,Yes
843,843,Yes,Relocation,7,3,01/03/2022,26/01/2022,Yes,Yes
844,844,No,Better Competitor,8,0,04/11/2023,12/12/2022,Yes,No
845,845,Yes,No Reason Given,9,10,13/03/2023,12/08/2023,Yes,Yes
846,846,No,Financial Difficulty,10,3,29/09/2022,29/03/2022,Yes,Yes
847,847,No,Better Competitor,7,10,08/08/2024,04/06/2022,No,No
848,848,No,High Fees,1,5,08/02/2022,28/09/2022,No,Yes
849,849,No,High Fees,1,0,23/12/2023,29/06/2024,No,No
850,850,No,Poor Service,2,2,25/03/2022,18/01/2024,Yes,Yes
851,851,Yes,Better Competitor,9,8,05/09/2024,16/02/2023,No,Yes
852,852,No,Financial Difficulty,1,10,15/11/2022,22/06/2022,Yes,No
853,853,No,Relocation,10,7,12/12/2022,10/12/2024,No,No
854,854,No,High Fees,4,8,06/09/2023,29/09/2022,Yes,No
855,855,Yes,High Fees,9,1,20/12/2023,09/07/2024,No,No
856,856,Yes,Better Competitor,5,2,12/06/2022,16/09/2023,Yes,Yes
857,857,No,No Reason Given,10,9,11/10/2023,20/07/2024,Yes,Yes
858,858,Yes,High Fees,7,8,22/07/2024,17/07/2023,No,Yes
859,859,No,High Fees,5,6,18/04/2023,05/03/2023,Yes,No
860,860,Yes,Better Competitor,3,2,24/02/2024,10/09/2024,Yes,No
861,861,Yes,High Fees,4,1,19/07/2024,12/01/2022,No,No
862,862,Yes,No Reason Given,5,2,27/09/2023,23/02/2024,No,No
863,863,Yes,Relocation,6,5,20/07/2022,11/12/2023,No,No
864,864,Yes,No Reason Given,10,2,08/10/2024,26/02/2022,Yes,No
865,865,Yes,Relocation,1,3,28/10/2023,01/11/2022,No,No
866,866,No,Poor Service,3,7,05/03/2023,24/05/2022,No,Yes
867,867,Yes,Financial Difficulty,10,2,31/07/2022,24/07/2022,Yes,No
868,868,No,High Fees,4,0,01/12/2023,26/04/2022,Yes,Yes
869,869,Yes,Relocation,2,7,28/09/2024,15/01/2022,Yes,Yes
870,870,Yes,Poor Service,10,6,15/10/2022,02/11/2022,No,No
871,871,Yes,Better Competitor,1,10,28/09/2024,24/07/2022,Yes,No
872,872,No,Better Competitor,3,4,11/02/2023,07/05/2024,No,Yes
873,873,No,Financial Difficulty,9,5,21/07/2023,27/08/2023,No,Yes
874,874,Yes,No Reason Given,10,3,20/02/2022,12/06/2024,No,Yes
875,875,Yes,High Fees,4,7,16/07/2023,07/03/2023,No,Yes
876,876,Yes,Better Competitor,1,3,26/06/2023,02/09/2023,Yes,Yes
877,877,No,High Fees,4,4,02/05/2024,01/02/2024,Yes,No
878,878,No,No Reason Given,3,1,25/02/2024,14/05/2023,No,Yes
879,879,Yes,No Reason Given,10,0,17/12/2023,18/09/2022,Yes,Yes
880,880,No,Poor Service,2,10,24/12/2024,07/12/2022,No,Yes
881,881,No,High Fees,9,10,27/09/2023,12/10/2024,No,No
882,882,Yes,No Reason Given,8,5,20/06/2023,28/11/2023,No,No
883,883,Yes,Financial Difficulty,5,4,15/10/2022,13/05/2023,No,Yes
884,884,No,Poor Service,10,4,29/12/2024,09/05/2023,No,No
885,885,No,Better Competitor,6,10,29/01/2022,15/01/2024,Yes,Yes
886,886,No,Poor Service,7,6,29/07/2022,11/01/2022,No,No
887,887,Yes,Better Competitor,9,6,14/02/2023,23/10/2023,Yes,No
888,888,Yes,No Reason Given,8,8,09/02/2023,12/02/2023,Yes,Yes
889,889,No,Relocation,4,1,04/10/2022,15/04/2022,No,No
890,890,No,Relocation,10,10,30/11/2022,18/07/2022,Yes,No
891,891,No,Better Competitor,7,1,11/07/2022,23/07/2023,Yes,Yes
892,892,Yes,Poor Service,1,0,19/05/2024,05/03/2023,Yes,Yes
893,893,Yes,High Fees,2,6,28/11/2024,03/12/2024,No,Yes
894,894,Yes,Better Competitor,10,5,04/01/2022,17/05/2024,No,No
895,895,No,Poor Service,3,4,16/07/2022,11/02/2024,Yes,Yes
896,896,Yes,Better Competitor,9,0,09/04/2024,14/01/2022,Yes,No
897,897,No,Relocation,6,5,30/12/2024,08/01/2023,Yes,No
898,898,No,Relocation,5,4,05/02/2024,30/06/2023,No,No
899,899,No,High Fees,9,7,27/08/2023,11/01/2023,Yes,Yes
900,900,No,Poor Service,8,4,07/09/2023,18/08/2023,No,Yes
901,901,No,Poor Service,7,7,06/11/2022,15/02/2023,Yes,No
902,902,Yes,Better Competitor,5,3,07/11/2023,25/09/2023,No,No
903,903,Yes,Relocation,1,7,23/05/2022,29/06/2023,No,No
904,904,No,No Reason Given,4,2,12/03/2023,10/10/2024,No,Yes
905,905,No,Poor Service,6,10,21/03/2022,19/03/2024,Yes,Yes
906,906,Yes,No Reason Given,1,3,29/04/2024,05/12/2023,No,No
907,907,No,No Reason Given,3,4,22/11/2024,16/08/2022,No,Yes
908,908,Yes,Financial Difficulty,7,4,14/06/2022,18/09/2022,Yes,No
909,909,Yes,Relocation,8,3,06/04/2022,09/05/2023,Yes,No
910,910,Yes,Financial Difficulty,9,1,16/02/2023,29/08/2024,No,No
911,911,No,No Reason Given,2,7,27/07/2023,01/02/2024,Yes,No
912,912,Yes,High Fees,5,7,09/11/2024,08/10/2022,No,Yes
913,913,Yes,No Reason Given,5,2,18/12/2023,11/02/2022,Yes,Yes
914,914,No,Relocation,9,2,25/06/2022,05/11/2022,No,No
915,915,Yes,Financial Difficulty,4,7,20/07/2024,30/11/2023,No,Yes
916,916,Yes,Financial Difficulty,4,2,27/07/2022,20/01/2023,No,No
917,917,No,Financial Difficulty,3,5,23/07/2022,13/10/2023,No,Yes
918,918,No,No Reason Given,7,2,07/04/2023,10/09/2023,Yes,Yes
919,919,No,High Fees,4,7,28/11/2022,15/04/2022,Yes,Yes
920,920,Yes,High Fees,8,9,22/09/2024,31/08/2022,Yes,No
921,921,No,High Fees,1,0,22/03/2022,14/12/2023,No,Yes
922,922,Yes,Poor Service,10,3,24/12/2022,08/03/2023,Yes,No
923,923,Yes,Poor Service,9,7,06/06/2023,18/03/2023,Yes,No
924,924,No,Better Competitor,4,7,29/09/2022,04/10/2023,No,No
925,925,Yes,No Reason Given,4,8,27/08/2023,10/04/2024,No,No
926,926,No,High Fees,8,7,04/05/2022,26/05/2024,Yes,Yes
927,927,Yes,High Fees,3,5,28/02/2023,20/06/2022,Yes,No
928,928,Yes,Better Competitor,4,5,23/05/2022,02/06/2024,No,Yes
929,929,No,Relocation,5,3,01/11/2024,05/08/2022,Yes,Yes
930,930,No,Better Competitor,6,9,02/07/2024,27/08/2022,Yes,No
931,931,No,Poor Service,8,0,10/08/2023,13/12/2022,Yes,Yes
932,932,No,Poor Service,6,2,05/06/2022,25/01/2022,Yes,No
933,933,No,High Fees,2,5,31/07/2022,02/02/2023,No,Yes
934,934,No,Better Competitor,1,10,01/04/2022,09/06/2022,No,Yes
935,935,Yes,No Reason Given,9,3,23/01/2023,08/12/2023,Yes,No
936,936,No,Relocation,3,6,21/06/2022,15/01/2022,No,No
937,937,Yes,Poor Service,2,7,20/07/2023,06/06/2023,No,No
938,938,Yes,Financial Difficulty,9,6,29/07/2022,27/01/2022,No,No
939,939,Yes,Poor Service,7,5,01/07/2023,16/08/2022,No,Yes
940,940,Yes,High Fees,1,7,15/02/2023,01/02/2024,No,No
941,941,Yes,Poor Service,3,7,27/07/2022,29/06/2023,Yes,Yes
942,942,Yes,No Reason Given,7,2,22/03/2023,20/08/2022,No,No
943,943,No,Financial Difficulty,2,5,30/06/2022,24/06/2022,Yes,Yes
944,944,Yes,Better Competitor,9,0,12/10/2022,27/03/2022,Yes,Yes
945,945,Yes,Financial Difficulty,2,3,04/01/2022,23/09/2024,No,No
946,946,Yes,Better Competitor,5,1,22/06/2022,17/08/2024,Yes,No
947,947,Yes,Better Competitor,7,1,03/02/2022,01/12/2022,Yes,No
948,948,Yes,Poor Service,4,9,30/10/2023,10/08/2022,No,No
949,949,No,Relocation,4,10,23/05/2022,21/10/2024,Yes,Yes
950,950,No,Financial Difficulty,5,9,19/08/2023,30/04/2022,Yes,No
951,951,No,No Reason Given,2,1,06/05/2023,31/01/2024,No,Yes
952,952,No,Poor Service,6,4,30/07/2024,14/10/2024,No,Yes
953,953,Yes,Better Competitor,2,6,01/05/2022,20/08/2024,No,No
954,954,No,Financial Difficulty,1,9,02/02/2024,19/12/2023,Yes,Yes
955,955,No,Relocation,10,4,27/08/2022,08/12/2022,No,Yes
956,956,No,High Fees,8,0,17/04/2023,22/03/2022,No,Yes
957,957,No,Better Competitor,4,7,15/02/2024,08/08/2024,Yes,Yes
958,958,Yes,Relocation,10,3,15/12/2024,19/01/2022,Yes,No
959,959,Yes,Better Competitor,6,7,01/01/2024,15/03/2023,No,Yes
960,960,Yes,Relocation,1,9,24/07/2024,15/08/2023,No,No
961,961,Yes,No Reason Given,2,5,09/11/2023,05/09/2022,Yes,Yes
962,962,No,Poor Service,10,3,02/04/2022,21/11/2022,No,Yes
963,963,Yes,Poor Service,4,6,16/02/2024,28/06/2022,Yes,Yes
964,964,Yes,No Reason Given,1,10,07/02/2023,19/01/2024,Yes,No
965,965,Yes,High Fees,3,1,12/11/2024,19/05/2022,No,Yes
966,966,Yes,Relocation,3,2,14/01/2024,05/04/2024,No,Yes
967,967,No,Better Competitor,8,2,28/02/2023,22/03/2022,Yes,No
968,968,No,Financial Difficulty,2,0,02/05/2022,10/10/2024,Yes,Yes
969,969,Yes,Better Competitor,10,3,20/04/2023,29/05/2023,Yes,Yes
970,970,Yes,No Reason Given,8,3,03/06/2023,05/07/2024,No,No
971,971,Yes,Financial Difficulty,4,4,21/09/2023,18/09/2023,Yes,Yes
972,972,Yes,No Reason Given,8,2,27/04/2022,07/09/2022,Yes,No
973,973,No,Better Competitor,10,10,30/05/2024,04/10/2022,No,No
974,974,No,High Fees,1,7,10/02/2023,16/08/2024,Yes,Yes
975,975,Yes,Better Competitor,1,6,18/12/2022,26/08/2024,Yes,No
976,976,Yes,Relocation,10,3,03/01/2023,23/01/2024,Yes,No
977,977,No,Better Competitor,5,9,25/09/2023,14/10/2024,Yes,Yes
978,978,Yes,Financial Difficulty,1,3,22/05/2023,13/05/2023,Yes,Yes
979,979,No,Poor Service,1,6,11/02/2023,28/07/2022,Yes,Yes
980,980,No,Better Competitor,8,6,07/04/2024,27/01/2024,Yes,No
981,981,No,Better Competitor,8,8,27/11/2022,13/09/2024,No,Yes
982,982,No,No Reason Given,8,9,25/08/2024,12/08/2024,No,Yes
983,983,Yes,Financial Difficulty,4,2,29/02/2024,25/01/2022,No,No
984,984,No,High Fees,9,4,09/08/2024,23/01/2024,Yes,Yes
985,985,Yes,Better Competitor,8,3,26/06/2022,06/05/2022,Yes,Yes
986,986,Yes,High Fees,7,8,23/11/2024,02/02/2024,Yes,Yes
987,987,Yes,Poor Service,1,2,09/09/2023,28/05/2023,No,Yes
988,988,Yes,Poor Service,10,3,11/03/2023,16/11/2022,Yes,No
989,989,No,Relocation,8,7,14/05/2022,15/12/2023,No,No
990,990,No,Poor Service,8,9,02/10/2022,28/10/2022,Yes,Yes
991,991,Yes,Financial Difficulty,5,1,30/05/2022,06/08/2022,Yes,No
992,992,Yes,Financial Difficulty,5,4,25/01/2022,08/04/2024,Yes,Yes
993,993,Yes,Financial Difficulty,9,0,19/05/2023,15/04/2024,Yes,Yes
994,994,Yes,Poor Service,7,10,22/02/2022,19/07/2024,No,No
995,995,Yes,Poor Service,3,3,19/04/2023,21/11/2022,Yes,No
996,996,Yes,Better Competitor,1,9,21/04/2024,24/02/2023,No,No
997,997,Yes,No Reason Given,5,8,13/05/2024,31/08/2022,Yes,Yes
998,998,Yes,Relocation,2,4,19/05/2024,12/01/2023,Yes,Yes
999,999,No,Poor Service,2,2,12/01/2023,21/02/2022,No,No
1000,1000,No,High Fees,10,8,29/12/2024,01/06/2024,Yes,No
