Customer_ID,first_name,last_name,Age,Gender,Region ,Education_Level,Marital_Status,Employment_Status
1,Brantley,Garie,39,Female,South,Undergraduate,Single,Retired
2,Ellette,Jefford,,Female,East,Postgraduate,Single,Unemployed
3,Delainey,Kisbey,62,Male,South,Undergraduate,Single,Self-Employed
4,Dahlia,Catanheira,27,Male,West,Secondary,Single,Retired
5,Larissa,Joao,38,Female,South,Undergraduate,Divorced,Retired
6,Jandy,Pendrigh,18,Female,South,Undergraduate,Married,Self-Employed
7,Ashlen,Haycox,40,Female,West,Undergraduate,Divorced,Retired
8,Robinet,Tesseyman,27,Male,East,Undergraduate,Divorced,Employed
9,Amelina,Tattoo,26,Female,East,Postgraduate,Single,Employed
10,Deloris,Bilsborrow,70,Female,North,Undergraduate,Divorced,Unemployed
11,Berkley,Massy,53,Male,North,Postgraduate,Divorced,Employed
12,Sheffie,Ghelardi,36,Female,West,Secondary,Single,Retired
13,Rey,Brownsell,29,Female,South,Postgraduate,Married,Employed
14,Elinor,Woolvin,51,Male,North,Undergraduate,Single,Retired
15,Foster,Scholard,38,Female,North,Secondary,Divorced,Retired
16,Rene,Luker,43,Female,South,Undergraduate,Single,Self-Employed
17,Humfrey,Velasquez,65,Female,East,Postgraduate,Married,Retired
18,Margaretha,Comley,52,Male,North,Undergraduate,Divorced,Retired
19,L;urette,Basey,37,Male,North,Secondary,Single,Employed
20,Rayner,Frame,23,Male,East,Postgraduate,Single,Employed
21,Daffi,Pretious,19,Male,East,Secondary,Divorced,Self-Employed
22,Etheline,Casali,29,Female,South,Postgraduate,Divorced,Employed
23,Shane,Hawick,20,Male,South,Postgraduate,Married,Unemployed
24,Lilah,Normadell,69,Male,West,Secondary,Single,Self-Employed
25,Estell,Saddington,36,Male,East,Secondary,Married,Self-Employed
26,Isac,Lucken,57,Female,West,Postgraduate,Single,Unemployed
27,Lotty,McCrory,37,Female,West,Undergraduate,Married,Retired
28,Michaela,Fidoe,58,Female,South,Undergraduate,Single,Retired
29,Georgette,Glynne,,Male,North,Postgraduate,Married,Retired
30,Rhodie,Remirez,25,Female,West,Secondary,Divorced,Self-Employed
31,Minette,Callaway,41,Female,North,Undergraduate,Divorced,Retired
32,Trudy,Wainer,52,Female,West,Postgraduate,Married,Self-Employed
33,Wolfie,Colloff,29,Female,East,Secondary,Single,Unemployed
34,Olag,Tankin,34,Female,South,Postgraduate,Married,Retired
35,Mignonne,Cholmondeley,44,Male,West,Secondary,Married,Unemployed
36,Gard,Brownsea,68,Male,South,Secondary,Married,Self-Employed
37,Delmar,Grinston,46,Male,South,Undergraduate,Married,Unemployed
38,Vale,Hulance,64,Female,West,Postgraduate,Single,Retired
39,Reggie,Smeeth,,Male,South,Secondary,Married,Employed
40,Booth,Gyse,58,Female,West,Secondary,Married,Self-Employed
41,Tammy,Bessant,20,Female,East,Undergraduate,Single,Self-Employed
42,Hale,Naulty,33,Female,East,Secondary,Single,Employed
43,Tresa,Boldero,30,Male,East,Undergraduate,Divorced,Employed
44,Wakefield,Benger,57,Female,North,Secondary,Married,Unemployed
45,Gaylor,Leverich,65,Female,West,Undergraduate,Single,Unemployed
46,Marley,Dunphie,61,Female,North,Postgraduate,Married,Unemployed
47,Towny,Pinnocke,55,Female,West,Postgraduate,Divorced,Unemployed
48,Bell,Rene,,Female,South,Postgraduate,Divorced,Unemployed
49,Gustavus,Lawden,22,Male,East,Undergraduate,Divorced,Self-Employed
50,Benjy,Moehle,44,Male,West,Secondary,Married,Retired
51,Caldwell,Winskill,47,Female,West,Undergraduate,Divorced,Retired
52,Kev,Woodman,23,Male,North,Secondary,Divorced,Self-Employed
53,Glynn,Bernette,53,Male,South,Secondary,Divorced,Employed
54,Iorgos,Ferryn,46,Female,West,Postgraduate,Single,Self-Employed
55,Delcina,Fauguel,28,Female,North,Secondary,Single,Self-Employed
56,Julie,Matches,40,Male,East,Postgraduate,Married,Employed
57,Bentley,Skarr,32,Male,North,Secondary,Single,Unemployed
58,Ellsworth,Dunsmore,37,Female,North,Postgraduate,Divorced,Unemployed
59,Andrew,Vairow,54,Male,South,Undergraduate,Single,Unemployed
60,Wainwright,Asel,39,Male,South,Undergraduate,Single,Employed
61,Derrik,Burgett,35,Male,West,Undergraduate,Divorced,Self-Employed
62,Sal,Brammall,45,Male,North,Postgraduate,Married,Retired
63,Rosemary,Esselen,44,Female,North,Undergraduate,Married,Unemployed
64,Donnie,Pitts,37,Female,North,Undergraduate,Single,Self-Employed
65,Jobye,Filchakov,58,Male,North,Undergraduate,Single,Self-Employed
66,Lanni,Sickling,35,Female,West,Secondary,Single,Self-Employed
67,Brandais,Cheer,70,Female,North,Postgraduate,Married,Employed
68,Maura,Button,65,Female,North,Undergraduate,Married,Employed
69,Tabby,Dowsing,29,Male,West,Postgraduate,Married,Retired
70,Prinz,Wormleighton,42,Male,East,Postgraduate,Married,Retired
71,Marna,Bullon,25,Female,South,Secondary,Single,Self-Employed
72,Katha,Kaye,28,Female,South,Undergraduate,Divorced,Retired
73,Devonne,Dowzell,29,Female,East,Secondary,Single,Self-Employed
74,Filbert,Tinson,31,Male,North,Secondary,Divorced,Retired
75,Patin,Leebeter,47,Male,West,Postgraduate,Single,Unemployed
76,Humfrid,Vasilchikov,60,Female,South,Undergraduate,Single,Unemployed
77,Aindrea,Shawcross,23,Female,East,Undergraduate,Married,Unemployed
78,Kennedy,Chattington,36,Female,West,Secondary,Single,Retired
79,Charo,O' Borne,55,Female,East,Undergraduate,Single,Retired
80,Jenna,Proffer,60,Male,East,Undergraduate,Divorced,Employed
81,Cordula,Twaits,59,Female,South,Undergraduate,Divorced,Self-Employed
82,Guenevere,Naulls,43,Male,South,Secondary,Single,Self-Employed
83,Arabele,Jenteau,20,Male,South,Postgraduate,Single,Self-Employed
84,Leda,Cozzi,38,Male,East,Undergraduate,Single,Employed
85,Onfroi,Lampl,25,Male,East,Secondary,Single,Self-Employed
86,Harwilll,Ettritch,18,Male,North,Secondary,Single,Unemployed
87,Andree,Whitechurch,41,Female,North,Secondary,Married,Self-Employed
88,Celeste,Deal,63,Female,South,Postgraduate,Single,Retired
89,Philippe,Eggleson,36,Female,North,Secondary,Divorced,Self-Employed
90,Mirilla,Munro,44,Female,East,Secondary,Married,Unemployed
91,Carolan,Trodd,52,Male,South,Postgraduate,Married,Unemployed
92,Mellisent,Quittonden,62,Male,East,Postgraduate,Married,Retired
93,Anatole,Crossingham,60,Male,West,Secondary,Married,Retired
94,Felita,Frugier,56,Female,North,Undergraduate,Single,Retired
95,Geneva,Tomkins,41,Male,North,Postgraduate,Single,Retired
96,Klarrisa,Gaskamp,22,Female,South,Postgraduate,Divorced,Employed
97,Averyl,Broadnicke,30,Female,South,Secondary,Single,Self-Employed
98,Bettye,Antonov,20,Female,North,Undergraduate,Single,Unemployed
99,Maury,Quinton,34,Female,West,Undergraduate,Divorced,Unemployed
100,Yolanthe,Cloney,67,Female,South,Postgraduate,Married,Self-Employed
101,Miguelita,Hansel,47,Male,East,Secondary,Married,Self-Employed
102,Bentley,Stoaks,19,Male,North,Secondary,Single,Employed
103,Bunni,Birds,51,Male,North,Postgraduate,Single,Unemployed
104,Meryl,Loudyan,61,Male,East,Secondary,Married,Retired
105,Adolphus,Hawken,29,Female,South,Undergraduate,Married,Employed
106,Dacia,Schapero,27,Female,North,Postgraduate,Divorced,Self-Employed
107,Carie,Padly,60,Male,North,Postgraduate,Single,Employed
108,Rhona,Calderon,42,Female,South,Secondary,Single,Retired
109,Lynn,Woodyeare,38,Male,North,Undergraduate,Single,Self-Employed
110,Merrick,Caldecot,57,Female,West,Secondary,Divorced,Retired
111,Gene,Argrave,52,Male,North,Postgraduate,Single,Employed
112,Yelena,Karlolczak,70,Male,South,Undergraduate,Married,Retired
113,Nicolas,Hagland,66,Male,South,Undergraduate,Divorced,Employed
114,Zenia,O'Scandall,19,Female,North,Undergraduate,Single,Retired
115,Bibbye,Branthwaite,42,Male,West,Secondary,Married,Employed
116,Lauree,Semonin,70,Female,South,Undergraduate,Married,Retired
117,Sid,Michin,49,Female,West,Undergraduate,Married,Retired
118,Adriana,Demaid,20,Female,West,Undergraduate,Single,Retired
119,Malanie,Mcmanaman,65,Female,East,Undergraduate,Divorced,Retired
120,Nicoline,Ballinghall,46,Male,North,Secondary,Single,Retired
121,Duky,Hawking,37,Male,South,Postgraduate,Single,Retired
122,Adrianna,Pellamont,19,Male,North,Undergraduate,Single,Retired
123,Rinaldo,Clash,24,Male,South,Secondary,Single,Unemployed
124,Lyell,Edwin,69,Female,North,Postgraduate,Married,Employed
125,Charmaine,Giacomelli,57,Male,West,Postgraduate,Married,Retired
126,Cory,Cherry,40,Male,East,Undergraduate,Married,Employed
127,Eden,Trivett,56,Female,South,Secondary,Married,Unemployed
128,Olga,Philippson,31,Male,West,Secondary,Single,Employed
129,Cecilio,Chasney,69,Female,North,Undergraduate,Married,Self-Employed
130,Amelita,Hellard,58,Female,North,Undergraduate,Married,Unemployed
131,Brendon,Emor,56,Male,South,Undergraduate,Married,Retired
132,Sophia,Oakley,42,Male,South,Postgraduate,Married,Unemployed
133,Mariann,Meese,28,Female,West,Postgraduate,Divorced,Employed
134,Marianna,Rubi,48,Male,East,Postgraduate,Divorced,Self-Employed
135,Jereme,Boswood,56,Male,West,Undergraduate,Married,Unemployed
136,Todd,Thorndycraft,25,Male,West,Secondary,Single,Self-Employed
137,Jacquette,Ingle,25,Female,West,Postgraduate,Married,Unemployed
138,Josias,Ciobutaro,49,Male,South,Postgraduate,Married,Retired
139,Valenka,Proven,24,Female,West,Postgraduate,Divorced,Unemployed
140,Denny,Mowling,45,Male,North,Secondary,Married,Self-Employed
141,Raddy,Klimko,63,Male,West,Postgraduate,Married,Retired
142,Fitz,Tofano,61,Male,North,Postgraduate,Married,Retired
143,Genia,McKeon,20,Male,East,Postgraduate,Married,Employed
144,Nance,Tafani,40,Female,East,Secondary,Married,Employed
145,Orbadiah,Filippyev,40,Male,North,Postgraduate,Married,Employed
146,Kermy,Muscott,27,Male,West,Secondary,Divorced,Unemployed
147,Izzy,Donat,61,Male,South,Undergraduate,Divorced,Unemployed
148,Inigo,Vanni,31,Male,East,Undergraduate,Single,Employed
149,Marie-ann,Caunter,63,Female,South,Undergraduate,Single,Unemployed
150,Rickert,Wills,45,Male,North,Undergraduate,Divorced,Unemployed
151,Kingsly,Bearfoot,21,Female,West,Secondary,Divorced,Retired
152,Petronella,Corderoy,33,Female,West,Secondary,Married,Unemployed
153,Annamaria,McGrath,31,Male,North,Undergraduate,Single,Self-Employed
154,Domenico,Palfery,43,Female,South,Undergraduate,Married,Unemployed
155,Crichton,Nolot,28,Male,North,Undergraduate,Married,Retired
156,Latrena,Sicha,18,Female,East,Secondary,Divorced,Unemployed
157,Lanie,Allatt,45,Female,West,Postgraduate,Single,Self-Employed
158,Tallulah,Whitear,31,Female,North,Undergraduate,Single,Retired
159,Padraic,McCuis,70,Female,South,Postgraduate,Single,Unemployed
160,Andi,Daintree,23,Male,North,Secondary,Divorced,Self-Employed
161,Mathilda,McQuirter,28,Female,North,Undergraduate,Single,Employed
162,Olav,Greiswood,38,Male,South,Postgraduate,Divorced,Self-Employed
163,Justis,Platt,43,Male,West,Secondary,Married,Self-Employed
164,Sinclair,Connachan,18,Male,East,Postgraduate,Divorced,Self-Employed
165,Spense,Knowlton,57,Male,West,Postgraduate,Single,Unemployed
166,Chickie,McMurty,47,Male,South,Postgraduate,Single,Self-Employed
167,Vivyan,Wilsone,18,Male,West,Secondary,Divorced,Retired
168,Lissy,Audus,52,Female,East,Undergraduate,Divorced,Self-Employed
169,Ruthanne,Van Der Hoog,18,Male,North,Postgraduate,Single,Employed
170,Karil,Fenna,48,Male,North,Undergraduate,Single,Self-Employed
171,Giorgi,Houtbie,67,Female,West,Postgraduate,Married,Unemployed
172,Kasper,Dunstone,28,Male,North,Secondary,Divorced,Unemployed
173,Iorgos,Wolfarth,23,Female,East,Undergraduate,Divorced,Retired
174,Pia,Kettell,25,Male,North,Postgraduate,Single,Unemployed
175,Caprice,Sailer,42,Male,North,Undergraduate,Single,Self-Employed
176,Merell,Earpe,27,Male,West,Postgraduate,Married,Self-Employed
177,Yvon,Minette,64,Male,East,Undergraduate,Married,Retired
178,Del,Shuard,30,Female,North,Undergraduate,Divorced,Retired
179,Sholom,Slograve,37,Female,West,Secondary,Single,Retired
180,Gail,Tooker,34,Female,North,Postgraduate,Divorced,Unemployed
181,Jacobo,MacKellar,62,Male,West,Postgraduate,Divorced,Unemployed
182,Gordan,MacNally,51,Female,North,Postgraduate,Married,Self-Employed
183,Francis,Pool,33,Female,North,Postgraduate,Married,Retired
184,Carole,Clausen-Thue,67,Female,East,Secondary,Married,Unemployed
185,Zorana,Sharpin,29,Female,West,Postgraduate,Divorced,Self-Employed
186,Gussi,Bredgeland,44,Male,South,Postgraduate,Married,Self-Employed
187,Lucila,McGuigan,54,Male,East,Undergraduate,Single,Retired
188,Maurie,Flooks,29,Female,North,Postgraduate,Married,Unemployed
189,Danella,Finlayson,22,Male,East,Undergraduate,Married,Self-Employed
190,Rob,McKennan,41,Female,South,Postgraduate,Married,Employed
191,Helsa,Rablan,55,Female,East,Postgraduate,Divorced,Self-Employed
192,Galvan,Kainz,46,Male,West,Undergraduate,Married,Retired
193,Torrey,Elgram,43,Male,West,Secondary,Married,Unemployed
194,Elroy,Schnieder,28,Male,North,Postgraduate,Divorced,Unemployed
195,Hillier,Wallace,47,Female,East,Undergraduate,Divorced,Employed
196,Wyn,Thomlinson,38,Male,West,Postgraduate,Divorced,Unemployed
197,Odille,Simkovich,47,Female,West,Undergraduate,Single,Unemployed
198,Stuart,Skingle,26,Female,West,Secondary,Single,Employed
199,Jorrie,Booth,30,Male,North,Undergraduate,Divorced,Self-Employed
200,Minna,Swetman,65,Male,South,Secondary,Divorced,Employed
201,Shurwood,Bidmead,41,Female,North,Secondary,Divorced,Self-Employed
202,Eada,Videneev,46,Female,West,Secondary,Single,Self-Employed
203,Wadsworth,Coupe,34,Male,South,Secondary,Married,Employed
204,Vinnie,Manicomb,51,Male,South,Undergraduate,Single,Retired
205,Roch,Annets,65,Male,North,Postgraduate,Single,Retired
206,Nichole,Lintot,42,Male,North,Undergraduate,Married,Self-Employed
207,Ambrosio,Vaines,53,Male,North,Secondary,Single,Unemployed
208,Burch,Welds,23,Female,North,Secondary,Divorced,Retired
209,Ferdinand,Ricson,45,Female,North,Postgraduate,Divorced,Unemployed
210,Fransisco,Celiz,67,Female,West,Postgraduate,Single,Retired
211,Gradeigh,Meddick,68,Female,South,Secondary,Divorced,Unemployed
212,Stanislaus,Vasquez,68,Male,West,Secondary,Divorced,Self-Employed
213,Berti,Durand,63,Male,East,Secondary,Divorced,Employed
214,Dix,Aulsford,63,Male,South,Secondary,Married,Self-Employed
215,Sybille,Merrison,35,Male,West,Secondary,Divorced,Unemployed
216,Philippa,Pickworth,38,Male,West,Secondary,Divorced,Self-Employed
217,Cyndy,Merrigans,52,Female,North,Postgraduate,Married,Retired
218,Courtney,Knibbs,35,Female,North,Postgraduate,Single,Retired
219,Erwin,De Paepe,49,Female,North,Secondary,Divorced,Retired
220,Caprice,Strapp,64,Female,North,Secondary,Married,Unemployed
221,Keen,Skaid,34,Female,West,Postgraduate,Divorced,Employed
222,Lucienne,Jenckes,21,Male,South,Secondary,Divorced,Employed
223,Abrahan,Marages,65,Male,West,Undergraduate,Divorced,Self-Employed
224,Eleanor,Scholler,20,Male,West,Secondary,Married,Unemployed
225,Ivonne,Klampt,50,Female,West,Postgraduate,Single,Self-Employed
226,Jorgan,Cunradi,25,Female,South,Secondary,Single,Self-Employed
227,Sebastien,Tenman,47,Female,West,Postgraduate,Divorced,Employed
228,Huntington,Nudd,26,Female,East,Undergraduate,Single,Retired
229,Ariella,Mustoe,62,Male,North,Postgraduate,Divorced,Retired
230,Bert,Lyttle,28,Female,West,Postgraduate,Married,Self-Employed
231,Barrie,Starkings,53,Male,South,Secondary,Divorced,Employed
232,Renault,Collopy,30,Male,West,Undergraduate,Single,Unemployed
233,Sheffie,Flecknoe,30,Male,East,Postgraduate,Single,Self-Employed
234,Vlad,Klejin,28,Female,South,Secondary,Divorced,Unemployed
235,Buckie,Bernasek,42,Female,North,Secondary,Divorced,Self-Employed
236,Melvin,Dranfield,27,Male,West,Undergraduate,Single,Retired
237,Sutton,Dullard,44,Male,West,Postgraduate,Divorced,Retired
238,Dorri,Abendroth,58,Female,North,Secondary,Divorced,Unemployed
239,Roanne,Pinner,51,Female,East,Secondary,Divorced,Employed
240,Allin,Boichat,19,Female,South,Postgraduate,Single,Unemployed
241,Kean,McIlmurray,45,Female,East,Secondary,Divorced,Self-Employed
242,Bucky,Alderwick,20,Male,West,Postgraduate,Single,Retired
243,Mignon,Flavelle,39,Male,North,Postgraduate,Single,Unemployed
244,Gayleen,Coade,48,Female,South,Secondary,Married,Retired
245,Brunhilde,Pilmoor,35,Male,West,Undergraduate,Single,Self-Employed
246,Judon,Lescop,58,Female,South,Undergraduate,Divorced,Self-Employed
247,Kristen,Simcoe,34,Male,East,Undergraduate,Single,Unemployed
248,Michaela,Graeser,21,Male,East,Undergraduate,Single,Employed
249,Yetty,Fideler,25,Male,North,Undergraduate,Single,Retired
250,Templeton,Tregea,36,Female,South,Secondary,Divorced,Self-Employed
251,Clemmy,O'Hern,27,Female,West,Postgraduate,Single,Unemployed
252,Wilbur,Compson,51,Male,West,Postgraduate,Married,Employed
253,Marisa,Kezourec,35,Female,West,Postgraduate,Divorced,Self-Employed
254,Nathalia,McMeanma,62,Male,East,Secondary,Married,Retired
255,Rafaela,Trahmel,40,Male,North,Secondary,Married,Self-Employed
256,Anne-marie,Shoulder,70,Male,North,Undergraduate,Married,Retired
257,Luci,Biggam,41,Female,North,Undergraduate,Married,Unemployed
258,Lorilee,Northfield,55,Male,South,Postgraduate,Married,Self-Employed
259,Aurie,Leyninye,54,Female,East,Postgraduate,Married,Employed
260,Pamelina,Fernihough,39,Female,West,Postgraduate,Single,Self-Employed
261,Tabbie,Laidlaw,20,Female,North,Secondary,Divorced,Self-Employed
262,Ingaberg,Hartigan,25,Male,West,Secondary,Married,Employed
263,Edy,Birtwisle,69,Male,North,Postgraduate,Divorced,Employed
264,Winn,Chettle,48,Male,South,Undergraduate,Married,Unemployed
265,Emery,Housen,46,Male,North,Secondary,Single,Retired
266,Noellyn,Skippings,38,Male,North,Secondary,Single,Retired
267,Barbie,Klaas,51,Female,West,Secondary,Divorced,Self-Employed
268,Erinna,Blair,51,Female,North,Secondary,Divorced,Unemployed
269,Domingo,Capineer,58,Male,East,Undergraduate,Single,Retired
270,Melissa,Boatman,21,Female,North,Secondary,Married,Retired
271,Gloriana,Pigott,32,Male,South,Undergraduate,Single,Unemployed
272,Gerta,Pleasaunce,27,Male,North,Undergraduate,Single,Retired
273,Kippy,Claremont,54,Male,North,Undergraduate,Married,Self-Employed
274,Tonye,Brumbie,18,Male,South,Undergraduate,Single,Unemployed
275,Brigid,Botting,33,Male,North,Secondary,Married,Self-Employed
276,Sherwood,Taylot,32,Male,North,Secondary,Married,Self-Employed
277,Marcille,Sobczak,20,Female,West,Undergraduate,Single,Self-Employed
278,Shir,Barstowk,29,Female,North,Secondary,Divorced,Self-Employed
279,Jo ann,Beesley,40,Female,West,Secondary,Married,Retired
280,Caresse,Sharphurst,69,Female,North,Secondary,Married,Employed
281,Thorny,Miliffe,66,Female,South,Secondary,Married,Self-Employed
282,Eloise,Kirtlan,35,Male,North,Undergraduate,Divorced,Retired
283,Bonnie,Evans,24,Male,North,Undergraduate,Married,Unemployed
284,Katti,Cowden,46,Female,West,Postgraduate,Divorced,Self-Employed
285,Octavius,Titchard,38,Female,South,Undergraduate,Married,Employed
286,Franny,Gremane,62,Male,South,Secondary,Married,Employed
287,Elisa,Yacobsohn,38,Male,North,Undergraduate,Single,Unemployed
288,Fredelia,Phipson,39,Male,South,Postgraduate,Divorced,Unemployed
289,Kennett,Haylock,42,Female,North,Postgraduate,Married,Self-Employed
290,Abner,Huck,46,Male,West,Undergraduate,Divorced,Employed
291,Jobye,Moy,37,Female,East,Undergraduate,Married,Employed
292,Amalle,Degli Abbati,37,Female,West,Undergraduate,Married,Employed
293,Esther,Janout,37,Male,North,Secondary,Divorced,Unemployed
294,Darb,Athy,42,Female,West,Undergraduate,Married,Retired
295,Garwood,Mattisssen,23,Male,South,Secondary,Married,Unemployed
296,Celia,Bodell,23,Female,East,Undergraduate,Single,Unemployed
297,Idette,Woollard,54,Female,East,Postgraduate,Married,Unemployed
298,Gordy,Munkley,34,Female,South,Undergraduate,Divorced,Employed
299,Sancho,Treacy,37,Female,South,Postgraduate,Divorced,Retired
300,Hirsch,Klejna,25,Male,East,Postgraduate,Married,Employed
301,Estell,Matten,38,Male,North,Undergraduate,Married,Employed
302,Lurline,Walasik,51,Female,East,Undergraduate,Divorced,Employed
303,Lula,Moorman,50,Female,North,Undergraduate,Married,Retired
304,Inger,Rusbridge,37,Female,East,Undergraduate,Married,Unemployed
305,Von,Mingaud,43,Male,South,Postgraduate,Married,Self-Employed
306,Rouvin,Zannelli,28,Female,West,Secondary,Married,Retired
307,Wald,Fasler,22,Male,East,Secondary,Married,Unemployed
308,Thorvald,Hasney,28,Female,South,Undergraduate,Single,Employed
309,Lindy,Sefton,18,Female,South,Postgraduate,Divorced,Unemployed
310,Spense,McCullock,67,Male,North,Undergraduate,Single,Retired
311,Cull,Burne,58,Male,East,Secondary,Divorced,Retired
312,Burnard,Speek,33,Male,West,Secondary,Divorced,Unemployed
313,Ara,Vorley,21,Female,East,Postgraduate,Single,Unemployed
314,Blanche,Langabeer,31,Male,South,Postgraduate,Divorced,Unemployed
315,Jordon,Bickle,48,Male,West,Secondary,Single,Self-Employed
316,Eldon,Aldridge,70,Female,North,Secondary,Divorced,Self-Employed
317,Lyndsie,Kelway,33,Male,West,Secondary,Married,Unemployed
318,Willette,Ernshaw,29,Female,West,Undergraduate,Married,Retired
319,Mack,Gammons,41,Male,South,Postgraduate,Divorced,Unemployed
320,Jamaal,Baribal,44,Female,North,Postgraduate,Divorced,Self-Employed
321,Tove,Egglestone,62,Male,West,Undergraduate,Single,Employed
322,Abbot,Schuler,67,Male,East,Undergraduate,Divorced,Unemployed
323,Devonna,Schiell,56,Female,East,Postgraduate,Divorced,Retired
324,Malina,Rookesby,21,Female,West,Postgraduate,Divorced,Unemployed
325,Lotte,Dilston,47,Female,East,Undergraduate,Divorced,Employed
326,Ashlee,Doyle,61,Male,West,Postgraduate,Divorced,Retired
327,Bernardina,Bowshire,22,Male,South,Undergraduate,Divorced,Unemployed
328,Lothaire,Paolicchi,44,Female,East,Undergraduate,Married,Unemployed
329,Jimmy,Hamsley,69,Male,South,Undergraduate,Married,Unemployed
330,Cosmo,Burgne,70,Male,South,Secondary,Divorced,Unemployed
331,Van,Brobeck,22,Female,North,Undergraduate,Divorced,Unemployed
332,Lonny,Hawson,57,Female,South,Undergraduate,Married,Retired
333,Aloise,Rivaland,64,Male,East,Postgraduate,Divorced,Retired
334,Gussie,Pinke,65,Male,East,Undergraduate,Married,Unemployed
335,Elinore,Prater,54,Male,West,Secondary,Divorced,Unemployed
336,Yvor,Beri,53,Female,North,Undergraduate,Single,Unemployed
337,Wilbert,Nanuccioi,27,Female,West,Undergraduate,Divorced,Self-Employed
338,Nadeen,Symmons,38,Female,North,Secondary,Married,Unemployed
339,Malorie,Yegoshin,54,Male,West,Undergraduate,Married,Self-Employed
340,Marlane,Rames,55,Male,West,Secondary,Single,Self-Employed
341,Trista,Swetman,44,Male,West,Postgraduate,Single,Employed
342,Rosabelle,Woolager,56,Female,West,Undergraduate,Single,Self-Employed
343,Magdalene,Swannick,45,Male,East,Postgraduate,Married,Retired
344,Karolina,Worthing,60,Male,South,Undergraduate,Single,Retired
345,Gae,Mugg,54,Female,West,Postgraduate,Divorced,Unemployed
346,Pete,Batchelor,29,Male,South,Secondary,Single,Unemployed
347,Lesya,Aleksic,62,Male,West,Undergraduate,Divorced,Retired
348,Jeddy,Gooble,43,Female,South,Undergraduate,Single,Employed
349,Kizzie,Basketfield,44,Male,North,Postgraduate,Divorced,Unemployed
350,Abagail,Derrington,34,Male,North,Postgraduate,Married,Self-Employed
351,Gaven,Surman-Wells,63,Female,West,Postgraduate,Divorced,Self-Employed
352,Timmie,Ayerst,40,Male,North,Secondary,Married,Employed
353,Donaugh,Challiss,19,Male,East,Secondary,Married,Employed
354,Sheelah,Northage,25,Female,North,Secondary,Married,Unemployed
355,Jeno,Baskeyfied,30,Male,West,Postgraduate,Single,Retired
356,Roxi,Considine,19,Male,West,Postgraduate,Divorced,Unemployed
357,Conant,Tunmore,69,Male,East,Secondary,Divorced,Retired
358,Wendi,Clemont,68,Male,North,Postgraduate,Married,Unemployed
359,Rosanne,McMonies,22,Male,East,Undergraduate,Single,Self-Employed
360,Lazar,Dangerfield,70,Male,North,Postgraduate,Married,Self-Employed
361,Billi,Jillett,41,Male,West,Postgraduate,Single,Employed
362,Brigida,Dunn,56,Male,West,Secondary,Single,Self-Employed
363,Cordula,Colquyte,48,Male,East,Postgraduate,Divorced,Retired
364,Donal,Vasilchikov,70,Female,West,Postgraduate,Married,Self-Employed
365,Tracee,Loxly,18,Male,East,Postgraduate,Divorced,Self-Employed
366,Pavel,Marlor,69,Male,East,Postgraduate,Divorced,Self-Employed
367,Faye,Capron,25,Male,North,Undergraduate,Married,Retired
368,Marrissa,Sebyer,41,Male,South,Secondary,Divorced,Self-Employed
369,Sheelah,Collidge,64,Female,West,Undergraduate,Single,Retired
370,Dilan,Ellinor,19,Male,South,Postgraduate,Married,Employed
371,Cary,Duffyn,23,Female,South,Postgraduate,Married,Unemployed
372,Cleo,Widmore,68,Female,East,Undergraduate,Divorced,Retired
373,Lorita,Silliman,22,Male,South,Postgraduate,Married,Retired
374,Franni,Yourell,70,Male,South,Undergraduate,Married,Employed
375,Ailyn,Kreutzer,36,Female,East,Postgraduate,Single,Unemployed
376,Olag,Matzkaitis,44,Male,East,Postgraduate,Single,Unemployed
377,Dale,Swains,51,Male,East,Postgraduate,Married,Employed
378,Ives,Askem,67,Male,South,Secondary,Married,Self-Employed
379,Judy,Danser,40,Female,East,Secondary,Married,Retired
380,Cyndia,Bainton,19,Female,East,Undergraduate,Married,Employed
381,Norman,Kopacek,31,Male,East,Undergraduate,Divorced,Unemployed
382,Leon,Bonallack,38,Female,West,Secondary,Married,Self-Employed
383,Frank,Cullnean,65,Male,North,Postgraduate,Single,Unemployed
384,Audrey,Staples,35,Female,South,Postgraduate,Divorced,Unemployed
385,Tabbie,Fairhead,,Male,North,Postgraduate,Married,Self-Employed
386,Tore,Abade,19,Male,North,Undergraduate,Married,Unemployed
387,Evan,Hanssmann,62,Male,East,Postgraduate,Single,Self-Employed
388,Joyce,Maple,39,Male,West,Postgraduate,Divorced,Employed
389,Brand,Alecock,67,Male,South,Secondary,Single,Employed
390,Katine,Montez,24,Male,North,Secondary,Divorced,Self-Employed
391,Michael,Castelletto,49,Male,South,Secondary,Divorced,Employed
392,Mikel,Ubach,32,Male,West,Undergraduate,Married,Unemployed
393,Emmye,Madsen,55,Male,East,Undergraduate,Divorced,Self-Employed
394,Tessa,Kagan,24,Male,North,Undergraduate,Married,Retired
395,Enrico,Danilchev,61,Female,East,Undergraduate,Single,Unemployed
396,Burnard,Stedell,64,Female,West,Postgraduate,Divorced,Self-Employed
397,Dean,Lowndsborough,50,Female,West,Undergraduate,Married,Self-Employed
398,Alexei,Lorenzetto,68,Male,South,Postgraduate,Single,Unemployed
399,Locke,Bowdon,49,Male,West,Secondary,Divorced,Unemployed
400,Roby,Cerro,53,Male,South,Undergraduate,Divorced,Retired
401,Helena,Pratte,20,Male,North,Postgraduate,Divorced,Unemployed
402,Violetta,Caven,54,Female,West,Undergraduate,Married,Unemployed
403,Alidia,Goldsby,48,Male,North,Undergraduate,Married,Retired
404,Konstanze,Tustin,52,Female,East,Postgraduate,Divorced,Self-Employed
405,Nady,Keinrat,59,Female,East,Postgraduate,Single,Unemployed
406,Terrye,Spawton,27,Male,South,Secondary,Divorced,Unemployed
407,Alfonse,Ashleigh,69,Female,North,Secondary,Divorced,Retired
408,Ronnica,Klinck,52,Male,East,Undergraduate,Single,Employed
409,Merridie,Freda,39,Male,West,Undergraduate,Married,Self-Employed
410,Jayson,Cassy,65,Male,North,Postgraduate,Divorced,Retired
411,Amil,Death,25,Male,West,Postgraduate,Divorced,Self-Employed
412,Karina,Gulliford,42,Female,West,Secondary,Married,Unemployed
413,Forest,Nazer,35,Female,South,Postgraduate,Divorced,Unemployed
414,Koressa,Gathwaite,38,Female,East,Secondary,Married,Self-Employed
415,Frans,Skelhorne,55,Male,West,Postgraduate,Single,Self-Employed
416,Alikee,Milan,51,Female,South,Secondary,Single,Self-Employed
417,Carmel,Emmanuele,49,Female,West,Undergraduate,Single,Unemployed
418,Lindy,Titchen,66,Female,North,Postgraduate,Married,Employed
419,Wilmette,Grebbin,32,Male,East,Secondary,Divorced,Employed
420,Che,Have,57,Male,North,Undergraduate,Divorced,Retired
421,Fawn,Arnett,39,Female,South,Postgraduate,Divorced,Retired
422,Xenos,Dachs,66,Female,West,Undergraduate,Married,Retired
423,Isiahi,Church,61,Male,West,Undergraduate,Married,Retired
424,Ebeneser,Capstaff,32,Female,South,Secondary,Divorced,Employed
425,Sumner,Mavin,19,Male,West,Postgraduate,Divorced,Unemployed
426,Clyde,Chesser,52,Female,North,Secondary,Single,Unemployed
427,Moyna,Polendine,54,Male,East,Undergraduate,Single,Retired
428,Lock,Hanhart,40,Female,West,Secondary,Married,Retired
429,Keeley,Van Dijk,43,Female,East,Secondary,Married,Self-Employed
430,Austin,Extall,24,Male,West,Undergraduate,Married,Retired
431,Boonie,Creaven,61,Female,East,Undergraduate,Married,Self-Employed
432,Flora,Weich,56,Female,East,Undergraduate,Divorced,Employed
433,Nona,Lewisham,51,Male,East,Secondary,Married,Unemployed
434,Patricio,Waugh,34,Male,East,Undergraduate,Single,Employed
435,Norrie,Defont,21,Male,West,Undergraduate,Married,Unemployed
436,Nicolai,Van Der Hoog,30,Male,West,Undergraduate,Divorced,Retired
437,Aubrie,Cale,32,Male,West,Secondary,Divorced,Unemployed
438,Rozalin,Sherbrooke,33,Male,West,Postgraduate,Single,Unemployed
439,Jacquelyn,Arkill,40,Female,East,Undergraduate,Single,Employed
440,Marietta,McEnhill,44,Female,East,Secondary,Single,Retired
441,Duky,Willerstone,31,Female,East,Postgraduate,Married,Retired
442,Correna,Furber,48,Male,East,Undergraduate,Single,Employed
443,Tera,Mahy,69,Male,West,Secondary,Married,Employed
444,Marcelline,Bugbird,46,Female,North,Secondary,Single,Employed
445,Ignazio,Giff,24,Female,South,Postgraduate,Single,Retired
446,Edgard,Lytle,54,Female,East,Secondary,Married,Retired
447,Candida,Giacopelo,57,Male,North,Undergraduate,Married,Employed
448,Lazaro,Stollsteimer,66,Male,South,Secondary,Single,Unemployed
449,Giana,Rosendorf,42,Male,East,Postgraduate,Single,Unemployed
450,Booth,Rawlison,47,Male,South,Undergraduate,Divorced,Self-Employed
451,Newton,Teaz,60,Male,West,Secondary,Married,Self-Employed
452,Briana,Le Noury,24,Female,East,Postgraduate,Married,Employed
453,Kris,Fandrich,60,Male,North,Secondary,Divorced,Employed
454,Jewelle,Stoller,49,Female,South,Postgraduate,Divorced,Employed
455,Norine,Tenbrug,,Male,North,Secondary,Divorced,Unemployed
456,Natalie,Boriston,34,Male,West,Secondary,Divorced,Employed
457,Carina,Bernardeschi,47,Male,East,Undergraduate,Single,Self-Employed
458,Glenn,Antonsson,39,Female,East,Postgraduate,Single,Retired
459,Toni,Gallager,53,Female,North,Undergraduate,Divorced,Unemployed
460,Gerianne,Ranyard,22,Female,South,Secondary,Married,Self-Employed
461,Maxy,Inkin,38,Female,South,Secondary,Married,Retired
462,Jeanne,Salters,54,Female,East,Undergraduate,Single,Unemployed
463,Eleanore,Tremblay,51,Female,West,Postgraduate,Single,Employed
464,Sallie,Pettifor,40,Male,East,Undergraduate,Single,Retired
465,Robin,Halsted,52,Female,East,Postgraduate,Divorced,Retired
466,Etta,Couttes,59,Male,North,Undergraduate,Single,Unemployed
467,Gordan,Stathers,41,Female,South,Secondary,Divorced,Retired
468,Adamo,Danilyak,56,Female,East,Secondary,Single,Employed
469,Brigg,Bingle,67,Male,North,Undergraduate,Divorced,Unemployed
470,Bea,Cammack,52,Male,North,Secondary,Married,Employed
471,Meridel,Beekmann,70,Female,East,Postgraduate,Divorced,Retired
472,Ashlen,Ida,68,Female,South,Postgraduate,Divorced,Self-Employed
473,Willow,Aspell,31,Female,South,Postgraduate,Divorced,Self-Employed
474,Malanie,Lantry,50,Female,West,Postgraduate,Divorced,Unemployed
475,Alanna,Mowson,30,Female,East,Secondary,Married,Retired
476,Geri,Hume,18,Male,East,Undergraduate,Married,Unemployed
477,Prissie,Tewnion,60,Female,East,Postgraduate,Divorced,Employed
478,Zena,Parsons,18,Female,South,Secondary,Divorced,Employed
479,Grethel,Scholefield,23,Male,West,Undergraduate,Divorced,Retired
480,Phip,Rabjohn,48,Female,East,Secondary,Single,Unemployed
481,Kimberlee,Lockhart,28,Male,East,Postgraduate,Married,Unemployed
482,Anni,Cayley,34,Male,East,Postgraduate,Single,Employed
483,Dukie,Kelemen,27,Female,South,Secondary,Married,Unemployed
484,Eugenius,Watson,52,Female,West,Secondary,Single,Employed
485,Noemi,Fosken,21,Male,West,Secondary,Divorced,Self-Employed
486,Jens,Traynor,64,Female,South,Postgraduate,Single,Employed
487,Delphine,Jovey,30,Female,East,Postgraduate,Divorced,Employed
488,Perkin,Welbourn,43,Male,East,Postgraduate,Single,Self-Employed
489,Jemimah,Mackrill,18,Female,West,Secondary,Single,Retired
490,Olympia,Cicchitello,37,Male,West,Secondary,Single,Self-Employed
491,Gael,Buckles,31,Male,East,Undergraduate,Single,Unemployed
492,Bendicty,McCabe,44,Male,North,Postgraduate,Single,Retired
493,Meredith,Wolford,59,Female,East,Postgraduate,Divorced,Unemployed
494,Sherrie,Thormwell,42,Male,North,Undergraduate,Divorced,Retired
495,Drake,Minichillo,56,Male,North,Postgraduate,Married,Unemployed
496,Hermina,Fayerman,42,Female,East,Undergraduate,Divorced,Unemployed
497,Sydney,Everson,18,Male,West,Secondary,Divorced,Self-Employed
498,Shane,Birdwhistle,44,Male,South,Postgraduate,Single,Unemployed
499,Rand,Dalliston,60,Male,East,Undergraduate,Divorced,Unemployed
500,Flory,Stormonth,53,Male,East,Secondary,Single,Unemployed
501,Dulcine,Bees,59,Male,South,Undergraduate,Single,Unemployed
502,Winny,Tuley,44,Male,South,Undergraduate,Divorced,Employed
503,Kassi,Pickthorn,50,Male,North,Undergraduate,Single,Employed
504,Emlyn,Pennyman,41,Male,North,Postgraduate,Divorced,Self-Employed
505,Dion,Coathup,59,Male,East,Postgraduate,Divorced,Unemployed
506,Dorisa,Bridson,57,Male,East,Postgraduate,Divorced,Self-Employed
507,Ingrid,Watkiss,65,Female,West,Secondary,Divorced,Retired
508,Cinderella,Ivanchenkov,20,Male,South,Undergraduate,Divorced,Retired
509,Winne,Linde,32,Male,North,Undergraduate,Single,Employed
510,Heindrick,Mummery,54,Male,East,Postgraduate,Divorced,Retired
511,Laney,Trickey,43,Male,West,Undergraduate,Single,Unemployed
512,Lucky,Butchers,58,Female,East,Secondary,Single,Unemployed
513,Amye,Wiffield,53,Male,West,Postgraduate,Divorced,Self-Employed
514,Karine,Kairns,41,Female,North,Postgraduate,Married,Self-Employed
515,Bogart,Aimer,59,Male,South,Undergraduate,Divorced,Unemployed
516,Tabor,Pringour,29,Male,East,Secondary,Married,Employed
517,Antoni,Woolbrook,64,Male,South,Undergraduate,Divorced,Unemployed
518,Jade,Pollins,39,Male,East,Secondary,Divorced,Retired
519,Marji,Chesman,70,Female,West,Undergraduate,Single,Self-Employed
520,Bobbe,Reichhardt,51,Female,North,Undergraduate,Divorced,Retired
521,Nerti,Palser,27,Male,East,Secondary,Divorced,Retired
522,Drusy,Abramino,34,Male,South,Postgraduate,Married,Retired
523,Jdavie,Colhoun,35,Male,West,Undergraduate,Married,Self-Employed
524,Chloette,Hopfner,27,Male,North,Secondary,Single,Retired
525,Alphonse,Sillwood,32,Male,West,Undergraduate,Divorced,Self-Employed
526,Alis,Larrat,44,Female,East,Postgraduate,Single,Employed
527,Kaila,Utting,58,Female,South,Secondary,Married,Retired
528,Chancey,Ellerman,55,Female,West,Undergraduate,Divorced,Retired
529,Ninnette,Punyer,40,Male,North,Postgraduate,Married,Self-Employed
530,Jonathan,Alexis,38,Male,West,Secondary,Married,Self-Employed
531,Genni,Itzchaky,69,Female,East,Undergraduate,Divorced,Unemployed
532,Myrilla,Pumfrey,38,Female,South,Secondary,Divorced,Employed
533,Sonni,Hartus,61,Female,South,Postgraduate,Single,Employed
534,Skip,Motherwell,33,Female,South,Undergraduate,Divorced,Employed
535,Elnora,Nelthorpe,60,Male,North,Undergraduate,Single,Unemployed
536,Nerita,Simkovich,44,Male,North,Secondary,Married,Employed
537,Fletch,Chapleo,51,Female,North,Postgraduate,Single,Employed
538,Granger,Orpin,50,Male,East,Secondary,Single,Employed
539,Danice,Moncreiff,28,Male,East,Postgraduate,Divorced,Employed
540,Sibbie,Gates,62,Male,South,Undergraduate,Divorced,Retired
541,Delora,Jansky,49,Male,North,Undergraduate,Divorced,Retired
542,Israel,Pohl,41,Male,South,Undergraduate,Married,Self-Employed
543,Fowler,Pleuman,32,Male,West,Secondary,Single,Retired
544,Lyndell,Rothery,33,Male,North,Undergraduate,Single,Retired
545,Cayla,Sharkey,61,Female,South,Undergraduate,Divorced,Unemployed
546,Marta,Prowse,25,Male,West,Postgraduate,Married,Unemployed
547,Irwin,Rame,50,Male,West,Postgraduate,Single,Self-Employed
548,Milli,Jaksic,25,Female,North,Secondary,Divorced,Unemployed
549,Jaimie,Rennels,20,Male,South,Undergraduate,Divorced,Self-Employed
550,Godwin,Bedell,69,Female,South,Secondary,Single,Employed
551,Ginni,Baglan,18,Male,West,Postgraduate,Divorced,Unemployed
552,Ambur,Tomaskunas,59,Male,West,Postgraduate,Divorced,Unemployed
553,Isidora,Scrivin,40,Male,South,Postgraduate,Single,Self-Employed
554,Beitris,Uren,20,Male,West,Undergraduate,Divorced,Unemployed
555,Frederique,Presnell,22,Male,South,Undergraduate,Single,Employed
556,Ulrica,Soltan,30,Female,South,Secondary,Divorced,Self-Employed
557,Gert,Monelli,26,Female,East,Secondary,Married,Employed
558,Britte,Connichie,34,Female,South,Postgraduate,Single,Unemployed
559,Wandie,Josefson,21,Female,West,Secondary,Married,Employed
560,Tailor,Derycot,38,Female,East,Secondary,Divorced,Employed
561,Frasquito,McArley,55,Male,North,Secondary,Married,Unemployed
562,Chadd,Bywaters,30,Female,East,Undergraduate,Divorced,Employed
563,Rickert,Eaglesham,25,Female,North,Undergraduate,Single,Unemployed
564,Regine,Estevez,51,Female,South,Undergraduate,Single,Employed
565,Bennie,Ganny,54,Female,North,Postgraduate,Divorced,Retired
566,Zonda,Urvoy,66,Male,West,Undergraduate,Married,Employed
567,Teador,Broomfield,69,Male,South,Secondary,Single,Retired
568,Jamima,Jelks,19,Male,North,Secondary,Married,Self-Employed
569,Jaclin,Fasset,41,Female,North,Postgraduate,Single,Retired
570,Deborah,Furmonger,67,Male,South,Undergraduate,Married,Unemployed
571,Wyndham,Giovannetti,40,Male,East,Postgraduate,Married,Retired
572,Blinny,Sibley,18,Male,West,Secondary,Divorced,Employed
573,Alasdair,Cuardall,48,Female,West,Secondary,Married,Employed
574,Tootsie,Tattershaw,53,Male,East,Undergraduate,Divorced,Retired
575,Prinz,Strothers,31,Male,East,Undergraduate,Divorced,Employed
576,Elset,Sebire,54,Male,North,Undergraduate,Divorced,Employed
577,Emerson,Weightman,66,Female,South,Postgraduate,Married,Self-Employed
578,Bianka,Curreen,49,Female,South,Undergraduate,Married,Self-Employed
579,Pietra,Butt,49,Female,East,Secondary,Single,Employed
580,Dede,Dymott,66,Female,East,Undergraduate,Single,Self-Employed
581,Janka,Graber,41,Female,East,Secondary,Single,Employed
582,Barney,Balazot,52,Female,North,Undergraduate,Single,Employed
583,Reid,Ruane,,Female,South,Undergraduate,Divorced,Retired
584,Solly,Stickins,70,Male,South,Secondary,Divorced,Unemployed
585,Consuelo,Gilyatt,69,Female,South,Postgraduate,Divorced,Employed
586,Elana,Dowbiggin,52,Male,North,Undergraduate,Divorced,Employed
587,Kristoforo,Awcock,48,Female,North,Undergraduate,Divorced,Retired
588,Wally,Levinge,50,Male,East,Secondary,Divorced,Employed
589,Gael,Morling,31,Male,South,Undergraduate,Married,Unemployed
590,Kristo,Leavry,52,Male,North,Secondary,Divorced,Retired
591,Barnabas,Chrisp,21,Female,West,Undergraduate,Married,Self-Employed
592,Kareem,Boltwood,69,Female,North,Secondary,Divorced,Retired
593,Timotheus,Pavyer,35,Female,East,Postgraduate,Divorced,Employed
594,Neala,Vaudin,63,Female,East,Undergraduate,Divorced,Self-Employed
595,Marieann,Herculson,36,Female,South,Secondary,Married,Employed
596,Conn,Briat,68,Female,West,Postgraduate,Divorced,Unemployed
597,Gibbie,Catto,51,Female,East,Undergraduate,Single,Retired
598,Weylin,Hartzog,64,Male,West,Undergraduate,Single,Unemployed
599,Andra,Scoterbosh,26,Female,North,Postgraduate,Divorced,Unemployed
600,Atalanta,Tripon,55,Female,East,Undergraduate,Divorced,Self-Employed
601,Ebonee,Broadley,57,Female,East,Undergraduate,Single,Retired
602,Moe,Showte,51,Female,North,Postgraduate,Single,Employed
603,Misty,Hakeworth,64,Female,East,Undergraduate,Divorced,Unemployed
604,Karlens,Tweedie,31,Male,North,Undergraduate,Divorced,Unemployed
605,Bale,Culley,51,Female,North,Secondary,Married,Unemployed
606,Wayland,Colliss,21,Female,North,Undergraduate,Single,Unemployed
607,Silvanus,Cheers,22,Female,West,Undergraduate,Married,Employed
608,Gerianna,Butner,70,Male,West,Secondary,Married,Unemployed
609,Catherina,Blackley,23,Female,West,Postgraduate,Divorced,Retired
610,Ronnie,Muscat,56,Female,West,Postgraduate,Single,Employed
611,Gisela,Noell,32,Female,West,Secondary,Divorced,Unemployed
612,Gawain,Rouzet,59,Male,West,Postgraduate,Single,Retired
613,Thaddeus,Carrodus,25,Female,South,Postgraduate,Divorced,Employed
614,Virginie,Hantusch,28,Male,West,Undergraduate,Divorced,Employed
615,Budd,Calton,27,Male,East,Undergraduate,Single,Retired
616,Shani,Tryme,36,Female,East,Postgraduate,Single,Unemployed
617,Daffy,Lindgren,31,Male,South,Secondary,Divorced,Unemployed
618,Binni,Murrthum,36,Male,East,Postgraduate,Divorced,Retired
619,Ivett,Piper,44,Male,North,Secondary,Single,Unemployed
620,Patrick,Moodey,52,Male,South,Secondary,Married,Retired
621,Eveleen,Waadenburg,34,Male,West,Postgraduate,Divorced,Self-Employed
622,Betteanne,Hartfield,59,Male,South,Postgraduate,Married,Unemployed
623,Norman,Sudell,55,Male,East,Postgraduate,Single,Unemployed
624,Shannon,Juszczyk,62,Male,South,Secondary,Married,Retired
625,Farra,Adne,35,Male,South,Secondary,Married,Self-Employed
626,Jamima,Tebald,64,Female,North,Secondary,Single,Unemployed
627,Kim,Tims,56,Female,East,Postgraduate,Divorced,Self-Employed
628,Reginauld,Huriche,53,Male,East,Postgraduate,Single,Employed
629,Robinett,Bourton,30,Female,West,Undergraduate,Single,Self-Employed
630,Charin,Merman,39,Male,South,Undergraduate,Married,Self-Employed
631,Ruy,Thyer,63,Female,South,Postgraduate,Divorced,Retired
632,Lorinda,Screach,40,Female,West,Postgraduate,Married,Employed
633,Trevor,Berrigan,18,Male,South,Postgraduate,Divorced,Self-Employed
634,Blair,Whelpdale,34,Female,North,Undergraduate,Married,Self-Employed
635,Jaquith,Sillito,20,Female,South,Secondary,Divorced,Retired
636,Georas,Stiggers,55,Male,East,Undergraduate,Divorced,Employed
637,Valida,Priestland,41,Male,West,Secondary,Single,Unemployed
638,Jenny,Bossel,64,Female,East,Undergraduate,Married,Unemployed
639,Ave,Prestwich,69,Female,West,Postgraduate,Single,Unemployed
640,Monte,Rockliffe,55,Female,East,Secondary,Divorced,Unemployed
641,Rooney,A'Barrow,64,Female,West,Undergraduate,Single,Retired
642,Hewie,Skillanders,51,Female,South,Secondary,Single,Retired
643,Elenore,Frances,63,Male,South,Undergraduate,Single,Employed
644,Elwyn,Glitherow,33,Male,South,Secondary,Married,Employed
645,Cori,Etchell,54,Female,North,Postgraduate,Married,Retired
646,Brennan,Follin,44,Male,South,Undergraduate,Single,Retired
647,Jamal,Cotty,40,Male,West,Secondary,Married,Unemployed
648,Jaime,Cardnell,65,Male,East,Undergraduate,Married,Retired
649,Kelila,Brolly,41,Female,South,Undergraduate,Divorced,Self-Employed
650,Sabra,McAlpine,18,Female,North,Undergraduate,Single,Retired
651,Harrietta,Haslin,39,Male,West,Undergraduate,Single,Employed
652,Mareah,Cerie,33,Male,East,Secondary,Single,Retired
653,Irma,Dobey,67,Male,West,Secondary,Single,Retired
654,Blakeley,Bilovus,33,Male,North,Postgraduate,Divorced,Unemployed
655,Kendre,Tidbald,34,Female,South,Secondary,Divorced,Unemployed
656,Rainer,Saffon,28,Male,North,Secondary,Single,Self-Employed
657,Baily,Sloper,47,Female,West,Postgraduate,Married,Employed
658,Fawnia,Thouless,50,Female,East,Postgraduate,Divorced,Employed
659,Ivy,Panther,67,Male,South,Secondary,Divorced,Retired
660,Jacki,Adhams,39,Female,South,Undergraduate,Divorced,Retired
661,Simone,Christauffour,43,Male,East,Undergraduate,Single,Employed
662,Emelyne,Ebbett,51,Female,South,Postgraduate,Single,Retired
663,Batsheva,Rumens,30,Female,North,Postgraduate,Divorced,Self-Employed
664,Colene,Shaplin,18,Female,West,Postgraduate,Single,Retired
665,Helen,Boult,31,Female,South,Secondary,Married,Unemployed
666,Wadsworth,Hallt,44,Female,West,Postgraduate,Single,Unemployed
667,Kassi,Anetts,65,Male,South,Postgraduate,Single,Unemployed
668,Randene,Dottrell,18,Female,North,Undergraduate,Single,Unemployed
669,Dora,Crickmoor,19,Female,East,Secondary,Divorced,Retired
670,Taddeo,Sherrocks,46,Female,West,Undergraduate,Single,Retired
671,Nelie,Stears,69,Male,North,Secondary,Married,Self-Employed
672,Crista,Moxson,69,Female,North,Postgraduate,Single,Employed
673,Reidar,Antognoni,69,Male,North,Undergraduate,Married,Retired
674,Michel,Killough,65,Female,South,Secondary,Single,Self-Employed
675,Broderick,Pendle,45,Female,West,Postgraduate,Married,Self-Employed
676,Cliff,Fintoph,68,Male,South,Secondary,Divorced,Self-Employed
677,Pascale,Folling,48,Female,South,Postgraduate,Married,Retired
678,Gustav,Jardine,65,Female,East,Undergraduate,Single,Self-Employed
679,Margie,Olver,58,Female,South,Postgraduate,Married,Retired
680,Mara,Annion,69,Female,North,Secondary,Married,Employed
681,Schuyler,Jerromes,64,Female,West,Secondary,Married,Self-Employed
682,Teresita,Fauning,34,Female,East,Undergraduate,Divorced,Employed
683,Corny,De Vuyst,47,Female,East,Undergraduate,Divorced,Employed
684,Glenn,Hender,70,Male,South,Secondary,Single,Self-Employed
685,Cecilio,Velez,35,Female,West,Postgraduate,Married,Unemployed
686,Earl,O'Donoghue,32,Female,East,Secondary,Divorced,Self-Employed
687,Margaretha,Kenworth,66,Male,South,Postgraduate,Single,Retired
688,Karee,Juanico,57,Male,North,Postgraduate,Single,Employed
689,Baillie,Sapir,55,Male,South,Secondary,Married,Self-Employed
690,Mada,Hames,56,Male,East,Secondary,Divorced,Retired
691,Isidoro,Foro,58,Female,East,Undergraduate,Single,Self-Employed
692,Sutton,Brayshay,31,Male,South,Undergraduate,Divorced,Employed
693,Doro,Larmor,39,Male,North,Secondary,Single,Retired
694,Blanca,Clampe,44,Male,South,Undergraduate,Single,Employed
695,Lodovico,Gerault,58,Male,West,Postgraduate,Married,Self-Employed
696,Viviana,Pavek,41,Male,South,Secondary,Single,Employed
697,Alfonso,Pothecary,23,Male,West,Postgraduate,Divorced,Employed
698,Beatrice,Sleite,38,Male,West,Secondary,Single,Self-Employed
699,Corny,O'Carney,46,Female,West,Undergraduate,Divorced,Retired
700,Venus,Hullins,62,Female,North,Secondary,Single,Unemployed
701,Sabine,MacFayden,43,Female,West,Secondary,Married,Retired
702,Ellynn,Whorlow,51,Male,South,Postgraduate,Single,Self-Employed
703,Benedikta,Patria,55,Male,West,Undergraduate,Divorced,Unemployed
704,Raphaela,Syddie,67,Female,West,Secondary,Married,Unemployed
705,Isidor,Gianelli,65,Male,West,Secondary,Single,Retired
706,Haleigh,Frayling,46,Male,East,Undergraduate,Single,Retired
707,Ophelie,Standley,65,Female,West,Postgraduate,Single,Self-Employed
708,Pat,Kleinerman,31,Male,North,Undergraduate,Married,Unemployed
709,Stanwood,Sheerin,40,Male,South,Undergraduate,Married,Employed
710,Fin,Oherlihy,43,Male,West,Postgraduate,Single,Unemployed
711,Amelie,Jack,35,Female,West,Undergraduate,Divorced,Self-Employed
712,Mathilde,Imorts,51,Male,East,Undergraduate,Divorced,Employed
713,Kali,Elphey,26,Male,West,Postgraduate,Single,Employed
714,Jemmy,Filler,24,Male,West,Postgraduate,Single,Self-Employed
715,Dedie,Kellett,64,Female,North,Secondary,Married,Unemployed
716,Michal,Malser,42,Male,West,Undergraduate,Married,Retired
717,Gwyn,Mouland,61,Male,South,Secondary,Divorced,Self-Employed
718,Chester,Elmar,60,Male,South,Postgraduate,Divorced,Self-Employed
719,Tyrone,Skewes,64,Male,West,Secondary,Divorced,Employed
720,Martainn,Featherstone,19,Male,East,Postgraduate,Married,Self-Employed
721,Andonis,Whaley,20,Female,West,Postgraduate,Divorced,Self-Employed
722,Barnett,Jancar,66,Female,East,Postgraduate,Divorced,Retired
723,Uriah,Cockburn,23,Female,North,Postgraduate,Single,Retired
724,Shane,Matthisson,49,Male,East,Secondary,Single,Retired
725,Marrissa,Thoday,69,Female,West,Secondary,Divorced,Employed
726,Karine,Callan,47,Female,West,Postgraduate,Single,Retired
727,Janenna,Dimock,41,Male,South,Undergraduate,Divorced,Retired
728,Berk,Fanning,46,Male,South,Secondary,Divorced,Employed
729,Debi,Matzeitis,49,Female,West,Undergraduate,Single,Retired
730,Tarrance,Levesque,42,Male,South,Undergraduate,Divorced,Unemployed
731,Silvano,Moreton,44,Male,North,Undergraduate,Divorced,Self-Employed
732,Buddie,Maffioni,40,Male,East,Secondary,Single,Retired
733,Daron,Fielden,66,Female,East,Postgraduate,Single,Retired
734,Symon,Cranch,48,Female,North,Postgraduate,Single,Retired
735,Trace,Antcliffe,24,Male,South,Secondary,Single,Self-Employed
736,Mill,McOrkil,23,Female,West,Postgraduate,Married,Retired
737,Lombard,Perrinchief,22,Female,East,Secondary,Single,Employed
738,Christoper,Whitley,33,Male,East,Secondary,Married,Employed
739,Noelyn,Grise,53,Female,West,Undergraduate,Divorced,Employed
740,Ted,Rohmer,69,Female,South,Secondary,Married,Employed
741,Gawain,Hryniewicz,39,Male,North,Undergraduate,Divorced,Employed
742,Perri,Triggel,62,Male,South,Secondary,Single,Self-Employed
743,Hilde,Giron,69,Female,East,Undergraduate,Married,Unemployed
744,Pietrek,Caulton,44,Male,North,Undergraduate,Divorced,Unemployed
745,Ware,Geeritz,57,Male,North,Postgraduate,Single,Self-Employed
746,Jacquelyn,Bunhill,30,Male,East,Secondary,Single,Unemployed
747,Charmian,Passfield,44,Female,West,Undergraduate,Married,Unemployed
748,Yasmeen,Perrinchief,61,Male,West,Undergraduate,Divorced,Self-Employed
749,Xerxes,Braven,66,Female,West,Postgraduate,Single,Self-Employed
750,Lon,Kybbye,23,Male,South,Undergraduate,Single,Retired
751,Bevvy,Edmott,47,Female,North,Secondary,Single,Unemployed
752,Bernadette,Corsor,45,Male,West,Secondary,Single,Self-Employed
753,Brander,Singleton,38,Male,East,Undergraduate,Married,Unemployed
754,Sela,Kynforth,47,Male,East,Postgraduate,Divorced,Self-Employed
755,Liana,Meriel,44,Female,South,Secondary,Single,Unemployed
756,Steffen,Warby,34,Female,East,Postgraduate,Single,Unemployed
757,Susann,Ilyenko,52,Male,North,Undergraduate,Single,Self-Employed
758,Drusilla,Farnell,32,Male,South,Postgraduate,Single,Retired
759,Teddy,Blaisdell,67,Female,North,Undergraduate,Married,Employed
760,Dionisio,Foottit,62,Female,East,Postgraduate,Divorced,Employed
761,Felita,Barthel,19,Female,South,Postgraduate,Divorced,Retired
762,Micheline,Escudier,28,Female,North,Undergraduate,Divorced,Unemployed
763,Angie,Copper,28,Male,South,Secondary,Married,Unemployed
764,Maxy,Slowan,52,Male,South,Secondary,Married,Unemployed
765,Niko,Clappison,38,Male,East,Secondary,Divorced,Retired
766,Craig,Palatini,65,Female,North,Postgraduate,Divorced,Employed
767,Lucilia,Dunkerley,26,Female,North,Undergraduate,Married,Retired
768,Danice,Itzcovichch,19,Male,East,Undergraduate,Divorced,Unemployed
769,Baxy,Kinney,35,Female,North,Secondary,Married,Retired
770,Ignaz,Furniss,,Female,East,Postgraduate,Divorced,Employed
771,Ladonna,Traice,66,Male,East,Undergraduate,Divorced,Employed
772,Kristofer,Peplaw,29,Female,North,Secondary,Divorced,Retired
773,Cob,Briscam,43,Female,North,Secondary,Married,Self-Employed
774,Reinwald,Spieght,34,Male,West,Undergraduate,Married,Unemployed
775,Rae,Thoms,37,Female,South,Undergraduate,Single,Self-Employed
776,Rodie,Baysting,57,Female,South,Postgraduate,Married,Retired
777,Ira,Ruusa,59,Male,North,Postgraduate,Single,Unemployed
778,Irvine,Guitonneau,53,Male,East,Secondary,Married,Self-Employed
779,Edmon,Garth,30,Female,East,Secondary,Divorced,Employed
780,Ajay,Routley,65,Male,South,Secondary,Divorced,Self-Employed
781,Erny,Shobrook,57,Male,West,Undergraduate,Married,Unemployed
782,Christos,Bocking,63,Male,South,Secondary,Single,Self-Employed
783,Kalvin,Macellar,25,Male,East,Secondary,Divorced,Self-Employed
784,Dante,Bolwell,64,Male,West,Undergraduate,Divorced,Retired
785,Florinda,Borsnall,58,Female,North,Secondary,Married,Unemployed
786,Winthrop,Micah,60,Female,South,Postgraduate,Divorced,Unemployed
787,Arleen,Yeoland,23,Male,North,Secondary,Single,Self-Employed
788,Iver,Bruford,41,Female,West,Postgraduate,Single,Employed
789,Bradan,Duddell,55,Male,North,Postgraduate,Divorced,Employed
790,Corie,Woodhall,30,Female,South,Secondary,Married,Unemployed
791,Hinze,Stodart,61,Male,West,Undergraduate,Single,Self-Employed
792,Roana,Chatelot,35,Male,West,Postgraduate,Married,Self-Employed
793,Quillan,Jakeway,50,Female,East,Secondary,Single,Unemployed
794,Adan,Petz,61,Male,North,Undergraduate,Divorced,Unemployed
795,Beulah,Assard,40,Female,East,Secondary,Married,Employed
796,Tedman,Bras,36,Male,North,Undergraduate,Single,Employed
797,Arnoldo,Baythorp,53,Female,East,Undergraduate,Married,Self-Employed
798,Gwyneth,Winspire,35,Female,North,Undergraduate,Divorced,Unemployed
799,Brunhilde,Sandeson,54,Male,West,Undergraduate,Divorced,Retired
800,Daphna,Blewis,49,Male,East,Undergraduate,Married,Employed
801,Jere,McAree,22,Female,East,Secondary,Married,Retired
802,Davon,Demangeot,55,Female,South,Postgraduate,Divorced,Retired
803,Shellie,Kneale,52,Male,North,Undergraduate,Divorced,Retired
804,Howey,Rampage,29,Female,East,Secondary,Divorced,Employed
805,Drugi,Pury,18,Male,South,Postgraduate,Married,Unemployed
806,Adria,Bucky,65,Male,South,Postgraduate,Single,Retired
807,Ivie,Sibyllina,37,Male,South,Secondary,Single,Employed
808,Kareem,Fudger,18,Male,East,Secondary,Single,Employed
809,Virgina,Froud,60,Female,North,Undergraduate,Married,Retired
810,Ailbert,Jurewicz,54,Male,North,Postgraduate,Single,Retired
811,Hermon,Richardes,27,Male,North,Undergraduate,Married,Self-Employed
812,Rudolf,Clutheram,47,Male,West,Undergraduate,Married,Retired
813,Ernesto,Beranek,39,Male,North,Postgraduate,Single,Retired
814,Barton,Cristoforetti,42,Female,East,Undergraduate,Single,Retired
815,Feliza,Ludl,51,Male,West,Undergraduate,Single,Unemployed
816,Christal,Takle,36,Male,North,Undergraduate,Married,Employed
817,Theobald,Cratchley,35,Male,West,Undergraduate,Married,Retired
818,Esther,Tales,29,Female,West,Secondary,Single,Unemployed
819,Ripley,Banes,60,Female,East,Secondary,Divorced,Employed
820,Patsy,McCardle,66,Male,North,Postgraduate,Married,Employed
821,Kerrie,Dow,37,Female,North,Postgraduate,Divorced,Employed
822,Dun,Epinoy,31,Male,North,Undergraduate,Single,Employed
823,Nicoli,Grishin,27,Female,North,Postgraduate,Divorced,Self-Employed
824,Brian,Biffin,68,Male,East,Undergraduate,Married,Employed
825,Dode,Sandry,39,Male,East,Postgraduate,Single,Unemployed
826,Ginger,Mulryan,36,Female,West,Secondary,Single,Employed
827,Saleem,Starling,44,Male,South,Undergraduate,Married,Unemployed
828,Brinna,Mulvy,42,Female,North,Postgraduate,Divorced,Retired
829,Mareah,Gregorace,59,Male,South,Undergraduate,Single,Employed
830,Sawyer,Dripp,32,Female,South,Undergraduate,Single,Self-Employed
831,Morgan,Coucher,62,Female,West,Postgraduate,Married,Retired
832,Jaymie,O' Cloney,41,Male,West,Undergraduate,Single,Self-Employed
833,Alfons,Patman,43,Male,West,Undergraduate,Divorced,Employed
834,Jacquelin,Backshall,48,Male,North,Undergraduate,Married,Self-Employed
835,Barby,Kneeland,41,Male,South,Undergraduate,Single,Self-Employed
836,Goldi,Kern,43,Female,North,Undergraduate,Divorced,Retired
837,Hettie,Houlson,58,Female,South,Postgraduate,Married,Unemployed
838,Bertie,Malek,43,Female,South,Postgraduate,Single,Self-Employed
839,Rollins,Hush,18,Male,East,Postgraduate,Married,Retired
840,Jeffrey,Fincham,34,Male,East,Undergraduate,Single,Self-Employed
841,Alyson,Zarfat,57,Male,South,Secondary,Divorced,Self-Employed
842,Terza,Fulmen,50,Male,South,Undergraduate,Divorced,Self-Employed
843,Murielle,Tattoo,33,Female,East,Undergraduate,Single,Self-Employed
844,Mord,Royl,46,Female,South,Secondary,Divorced,Employed
845,Stella,Fredy,52,Male,East,Undergraduate,Divorced,Retired
846,Susanna,Hurren,62,Male,South,Undergraduate,Married,Unemployed
847,Tybie,Tester,21,Female,North,Undergraduate,Married,Retired
848,Therine,Gheeorghie,69,Male,North,Postgraduate,Divorced,Retired
849,Adena,Tuft,63,Female,West,Postgraduate,Single,Self-Employed
850,Doralynn,Bernardo,60,Male,North,Undergraduate,Married,Retired
851,Neely,Bembridge,33,Female,North,Undergraduate,Divorced,Employed
852,Hilario,Clarycott,60,Female,West,Undergraduate,Single,Employed
853,Saundra,Hinchon,35,Male,East,Secondary,Single,Employed
854,Brok,Botcherby,55,Female,South,Undergraduate,Married,Employed
855,Lorettalorna,Runcie,23,Female,West,Postgraduate,Single,Self-Employed
856,Rhianon,Berntssen,29,Female,North,Undergraduate,Divorced,Employed
857,Kiersten,Kopmann,40,Male,East,Secondary,Divorced,Unemployed
858,Eva,Heild,68,Male,East,Undergraduate,Divorced,Self-Employed
859,Gabrielle,Rolf,68,Female,South,Postgraduate,Married,Self-Employed
860,Chloris,Vasyunkin,69,Male,East,Postgraduate,Single,Retired
861,Nils,Furlong,26,Male,East,Postgraduate,Divorced,Unemployed
862,Carolin,Chasney,30,Male,East,Secondary,Married,Retired
863,Maura,Grimmett,59,Male,West,Secondary,Married,Employed
864,Avivah,Swettenham,25,Female,East,Undergraduate,Single,Unemployed
865,Trueman,Cheese,37,Female,East,Postgraduate,Single,Unemployed
866,Miner,Bulleyn,,Female,West,Postgraduate,Single,Retired
867,Regan,Eilhersen,46,Male,South,Undergraduate,Divorced,Unemployed
868,Bambi,Bygrave,29,Male,West,Undergraduate,Single,Unemployed
869,Sigfried,Lanchbery,44,Female,East,Secondary,Divorced,Self-Employed
870,Michel,Cattow,70,Male,North,Undergraduate,Single,Employed
871,Bo,Kidds,68,Female,East,Postgraduate,Married,Employed
872,Constance,Drysdell,57,Male,East,Undergraduate,Single,Employed
873,Allin,Toffolini,26,Male,West,Undergraduate,Divorced,Retired
874,Wylie,Edgeworth,41,Male,North,Postgraduate,Married,Employed
875,Hadleigh,Domenici,69,Female,East,Undergraduate,Married,Self-Employed
876,Fay,Parish,70,Male,East,Secondary,Single,Self-Employed
877,Westbrook,Dendon,24,Male,South,Secondary,Single,Self-Employed
878,Teddie,Pinkett,37,Female,East,Undergraduate,Divorced,Self-Employed
879,Caitlin,Brient,61,Female,West,Secondary,Single,Employed
880,Rafaela,Biddles,18,Male,West,Postgraduate,Divorced,Unemployed
881,Kevina,Rearden,43,Female,East,Postgraduate,Married,Unemployed
882,Perl,Govini,61,Female,East,Undergraduate,Divorced,Self-Employed
883,Broddy,Dahle,32,Female,South,Secondary,Single,Retired
884,Briano,Greer,21,Female,South,Postgraduate,Single,Employed
885,Jyoti,Mazdon,45,Male,West,Postgraduate,Married,Unemployed
886,Paulie,Beddard,52,Male,West,Undergraduate,Divorced,Retired
887,Silvano,Hinchshaw,47,Female,West,Secondary,Married,Employed
888,Darbie,Disdel,45,Female,North,Undergraduate,Married,Unemployed
889,Dar,Soares,38,Male,North,Undergraduate,Divorced,Employed
890,Annelise,Tinsey,61,Male,East,Secondary,Single,Employed
891,Mag,Galbreth,69,Male,North,Postgraduate,Married,Retired
892,Corrie,Gossipin,40,Male,North,Postgraduate,Married,Unemployed
893,Heidie,Jocelyn,35,Male,West,Postgraduate,Single,Unemployed
894,Kristen,Jannex,35,Male,West,Undergraduate,Divorced,Retired
895,Percy,Beards,52,Female,North,Secondary,Married,Self-Employed
896,Deni,Pergens,43,Male,West,Secondary,Married,Retired
897,Averill,Woolaghan,29,Female,North,Secondary,Married,Employed
898,Courtnay,Mulcahy,25,Female,West,Postgraduate,Married,Retired
899,Morgana,Howling,51,Female,East,Postgraduate,Single,Employed
900,Samantha,Bilbrook,45,Female,West,Undergraduate,Single,Unemployed
901,Uriah,Donner,21,Male,East,Secondary,Single,Employed
902,Newton,Deetlefs,28,Male,South,Postgraduate,Single,Self-Employed
903,Opalina,Girdler,53,Male,East,Undergraduate,Married,Unemployed
904,Krista,Lemm,67,Female,West,Undergraduate,Divorced,Self-Employed
905,Steve,Kleinert,36,Male,West,Secondary,Divorced,Employed
906,Rozanne,Barthrup,32,Female,North,Postgraduate,Divorced,Retired
907,Stoddard,Birchett,40,Female,South,Secondary,Single,Retired
908,Dall,Jira,66,Female,East,Undergraduate,Single,Unemployed
909,Dirk,Ginnelly,44,Male,East,Postgraduate,Married,Unemployed
910,Harriot,Pioli,68,Male,North,Undergraduate,Married,Unemployed
911,Sal,Salla,57,Male,East,Secondary,Married,Employed
912,Bebe,Stitwell,35,Female,South,Postgraduate,Single,Retired
913,Heywood,Jepensen,22,Female,East,Undergraduate,Single,Retired
914,Seka,Marvell,60,Female,North,Secondary,Single,Retired
915,Fredric,Agneau,49,Female,South,Secondary,Divorced,Retired
916,Thurstan,Overal,61,Male,East,Postgraduate,Single,Self-Employed
917,Katheryn,Paike,48,Female,South,Postgraduate,Divorced,Self-Employed
918,Adrienne,Pasek,34,Male,South,Undergraduate,Single,Retired
919,Heidi,Monni,44,Male,North,Undergraduate,Married,Self-Employed
920,Alexandra,Bulcroft,44,Female,North,Postgraduate,Divorced,Self-Employed
921,Anissa,Souter,24,Male,South,Undergraduate,Married,Self-Employed
922,Serge,Padden,49,Female,West,Secondary,Divorced,Retired
923,Barrie,Paladini,,Male,West,Postgraduate,Single,Employed
924,Bridie,Whiff,32,Male,South,Secondary,Married,Employed
925,Alaster,Halligan,38,Female,North,Postgraduate,Divorced,Retired
926,Suellen,Pughsley,20,Male,West,Undergraduate,Single,Unemployed
927,Roanna,Goodier,44,Male,East,Postgraduate,Married,Employed
928,Aurea,Betke,34,Male,South,Secondary,Married,Self-Employed
929,Manuel,Insoll,37,Male,East,Undergraduate,Married,Self-Employed
930,Tabby,Monro,45,Female,East,Undergraduate,Married,Self-Employed
931,Tarrah,Elecum,45,Male,South,Secondary,Married,Unemployed
932,Damien,Tibbotts,70,Male,West,Secondary,Divorced,Retired
933,Sella,Richardin,30,Male,West,Undergraduate,Divorced,Retired
934,Washington,Zanassi,33,Female,North,Secondary,Single,Unemployed
935,Cherie,Tindle,31,Female,East,Secondary,Married,Retired
936,Alfred,Baldassi,49,Male,South,Postgraduate,Single,Employed
937,Osmond,Catherall,41,Male,North,Secondary,Single,Retired
938,Lincoln,Thirkettle,41,Female,West,Undergraduate,Married,Self-Employed
939,Arley,Abramino,60,Female,North,Secondary,Single,Unemployed
940,Tawsha,Wimlet,29,Male,East,Postgraduate,Divorced,Retired
941,Eduardo,Duhig,50,Female,South,Undergraduate,Single,Unemployed
942,Tana,Chinge,38,Female,South,Secondary,Single,Unemployed
943,Sybille,Callander,48,Male,South,Postgraduate,Divorced,Retired
944,Phyllys,Giffkins,29,Male,West,Secondary,Married,Self-Employed
945,Whitney,Itzhak,48,Male,West,Undergraduate,Divorced,Retired
946,Neal,Havvock,33,Female,North,Secondary,Married,Unemployed
947,Sigvard,Toffetto,36,Male,East,Postgraduate,Single,Employed
948,Rois,Fagg,51,Female,West,Undergraduate,Divorced,Retired
949,Aurilia,Thorley,32,Male,North,Undergraduate,Married,Retired
950,Sallie,Sibthorpe,22,Female,West,Undergraduate,Married,Employed
951,Robby,See,70,Female,East,Postgraduate,Single,Employed
952,Jenica,Heck,33,Female,South,Undergraduate,Married,Retired
953,Sayre,Ruprich,59,Female,West,Secondary,Single,Employed
954,Christyna,Crompton,18,Female,North,Secondary,Single,Unemployed
955,Doro,Balassi,65,Female,North,Undergraduate,Divorced,Unemployed
956,Letisha,Shinefield,70,Female,West,Secondary,Divorced,Employed
957,Luce,Swindell,23,Female,South,Secondary,Single,Self-Employed
958,Clarine,Magog,31,Male,West,Secondary,Married,Unemployed
959,Alasdair,Emlin,35,Female,South,Undergraduate,Married,Unemployed
960,Filmer,Stiger,45,Female,South,Postgraduate,Married,Retired
961,Rhodia,Fairlem,55,Male,West,Secondary,Married,Unemployed
962,Brooks,Maevela,58,Male,West,Postgraduate,Divorced,Self-Employed
963,Tye,Whetnell,69,Female,East,Postgraduate,Single,Retired
964,Aggi,Cayzer,30,Female,West,Undergraduate,Married,Unemployed
965,Phaedra,Slegg,21,Female,East,Undergraduate,Married,Retired
966,Jeanna,Linfitt,67,Male,West,Postgraduate,Married,Retired
967,Kacie,O'Loughlin,51,Male,East,Secondary,Married,Unemployed
968,Correy,Goady,60,Male,South,Postgraduate,Married,Employed
969,Harman,Bentz,67,Female,South,Secondary,Divorced,Unemployed
970,Stinky,Maunsell,61,Female,North,Postgraduate,Divorced,Unemployed
971,Nehemiah,Raftery,37,Female,North,Postgraduate,Married,Employed
972,Bertrand,Grubbe,28,Male,West,Undergraduate,Divorced,Retired
973,Alair,Mousley,23,Male,North,Secondary,Married,Unemployed
974,Merilyn,Honniebal,52,Female,West,Secondary,Single,Self-Employed
975,Renae,Vicker,66,Male,South,Postgraduate,Single,Unemployed
976,Jerrylee,Mocquer,30,Female,South,Secondary,Married,Unemployed
977,Jody,Gornal,68,Female,South,Postgraduate,Divorced,Employed
978,Felice,Levicount,,Male,North,Secondary,Single,Self-Employed
979,Staford,McClymont,67,Male,South,Secondary,Divorced,Retired
980,Urban,Muzzini,41,Male,West,Secondary,Divorced,Employed
981,Jewel,Teligin,54,Male,South,Undergraduate,Single,Retired
982,Basilius,Aylott,53,Female,East,Postgraduate,Married,Employed
983,Collin,Degue,69,Male,East,Undergraduate,Single,Self-Employed
984,Elmer,Yurin,69,Male,East,Secondary,Married,Unemployed
985,Melesa,Wellbeloved,57,Male,South,Undergraduate,Married,Unemployed
986,Ali,Doumerc,39,Male,West,Undergraduate,Single,Unemployed
987,Andriana,Le-Good,39,Female,East,Secondary,Single,Unemployed
988,Taber,Olenchikov,68,Female,North,Undergraduate,Single,Self-Employed
989,Alix,List,36,Female,South,Undergraduate,Single,Retired
990,Marybeth,Ianelli,25,Female,South,Undergraduate,Divorced,Unemployed
991,Sheeree,Proske,63,Male,South,Secondary,Married,Unemployed
992,Tammi,Looby,28,Male,North,Secondary,Married,Retired
993,Darrel,Kaplin,70,Female,South,Secondary,Married,Self-Employed
994,Katharine,Tommen,53,Male,South,Secondary,Single,Unemployed
995,Catherine,Reijmers,54,Female,West,Secondary,Married,Self-Employed
996,Adriane,Anetts,57,Female,South,Secondary,Single,Unemployed
997,Gualterio,Sawer,40,Male,North,Postgraduate,Married,Unemployed
998,Gloriane,Matijasevic,39,Male,East,Undergraduate,Divorced,Unemployed
999,Webb,Knight,24,Female,West,Postgraduate,Married,Self-Employed
1000,Free,Burger,28,Female,East,Postgraduate,Single,Unemployed
